"ZICDID","SHORTDESC","DESCRIPTION","EXPORTID","STARTDATE","ENDDATE","SORT","ZICDCLASSIFICATIONID","ZICDGROUPID"
"A41","A41","Fake lookup for A41","A41",,,-1,3,
"C","C","Outdated or invalid code C","C",,,-1,3,
"C0","C0","Fake lookup for C0","C0",,,-1,3,
"C00","MALIGNANT NEOPLASM OF LIP","","C00",1995-01-01,1994-12-31,40,3,8
"C000","EXTERNAL UPPER LIP","","C000",1995-01-01,2012-03-31,10,3,8
"C001","EXTERNAL LOWER LIP","","C001",1995-01-01,2012-03-31,10,3,8
"C002","EXTERNAL LIP, UNSPECIFIED","","C002",1995-01-01,2012-03-31,10,3,8
"C003","UPPER LIP, INNER ASPECT","","C003",1995-01-01,2012-03-31,10,3,8
"C004","LOWER LIP, INNER ASPECT","","C004",1995-01-01,2012-03-31,10,3,8
"C005","LIP, UNSPECIFIED, INNER ASPECT","","C005",1995-01-01,2012-03-31,10,3,8
"C006","COMMISSURE OF LIP","","C006",1995-01-01,2012-03-31,10,3,8
"C008","OVERLAPPING LESION OF LIP","","C008",1995-01-01,2012-03-31,10,3,8
"C009","LIP, UNSPECIFIED","","C009",1995-01-01,2012-03-31,9,3,8
"C01","MALIGNANT NEOPLASM OF BASE OF TONGUE","","C01",1995-01-01,2012-03-31,10,3,8
"C02","MALIGNANT NEOPLASM OF TONGUE","","C02",1995-01-01,1994-12-31,40,3,8
"C020","DORSAL SURFACE OF TONGUE","","C020",1995-01-01,2012-03-31,10,3,8
"C021","BORDER OF TONGUE","","C021",1995-01-01,2012-03-31,10,3,8
"C022","VENTRAL SURFACE OF TONGUE","","C022",1995-01-01,2012-03-31,10,3,8
"C023","ANTERIOR TWO-THIRDS OF TONGUE, PART UNSPECIFIED","","C023",1995-01-01,2012-03-31,10,3,8
"C024","LINGUAL TONSIL","","C024",1995-01-01,2012-03-31,10,3,8
"C028","OVERLAPPING LESION OF TONGUE","","C028",1995-01-01,2012-03-31,10,3,8
"C029","TONGUE, UNSPECIFIED","","C029",1995-01-01,2012-03-31,9,3,8
"C03","MALIGNANT NEOPLASM OF GUM","","C03",1995-01-01,1994-12-31,40,3,8
"C030","UPPER GUM","","C030",1995-01-01,2012-03-31,10,3,8
"C031","LOWER GUM","","C031",1995-01-01,2012-03-31,10,3,8
"C039","GUM, UNSPECIFIED","","C039",1995-01-01,2012-03-31,9,3,8
"C04","MALIGNANT NEOPLASM OF FLOOR OF MOUTH","","C04",1995-01-01,1994-12-31,40,3,8
"C040","ANTERIOR FLOOR OF MOUTH","","C040",1995-01-01,2012-03-31,10,3,8
"C041","LATERAL FLOOR OF MOUTH","","C041",1995-01-01,2012-03-31,10,3,8
"C047","C047","Fake lookup for C047","C047",,,-1,3,
"C048","OVERLAPPING LESION OF FLOOR OF MOUTH","","C048",1995-01-01,2012-03-31,10,3,8
"C049","FLOOR OF MOUTH, UNSPECIFIED","","C049",1995-01-01,2012-03-31,9,3,8
"C05","MALIGNANT NEOPLASM OF PALATE","","C05",1995-01-01,1994-12-31,40,3,8
"C050","HARD PALATE","","C050",1995-01-01,2012-03-31,10,3,8
"C051","SOFT PALATE","","C051",1995-01-01,2012-03-31,10,3,8
"C052","UVULA","","C052",1995-01-01,2012-03-31,10,3,8
"C058","OVERLAPPING LESION OF PALATE","","C058",1995-01-01,2012-03-31,10,3,8
"C059","PALATE, UNSPECIFIED","","C059",1995-01-01,2012-03-31,9,3,8
"C06","MALIGNANT NEOPLASM OF MOUTH","","C06",1995-01-01,1994-12-31,40,3,8
"C060","CHEEK MUCOSA","","C060",1995-01-01,2012-03-31,10,3,8
"C061","VESTIBULE OF MOUTH","","C061",1995-01-01,2012-03-31,10,3,8
"C062","RETROMOLAR AREA","","C062",1995-01-01,2012-03-31,10,3,8
"C068","OVERLAPPING LESION OF OTHER AND UNSPECIFIED PARTS OF MOUTH","","C068",1995-01-01,2012-03-31,10,3,8
"C069","MOUTH, UNSPECIFIED","","C069",1995-01-01,2012-03-31,9,3,8
"C07","MALIGNANT NEOPLASM OF PAROTID GLAND","","C07",1995-01-01,2012-03-31,10,3,8
"C07 ","C07 ","Outdated or invalid code C07 ","C07 ",,,-1,3,
"C08","MALIGNANT NEOPLASM OF SALIVARY GLAND","","C08",1995-01-01,1994-12-31,40,3,8
"C080","SUBMANDIBULAR GLAND","","C080",1995-01-01,2012-03-31,10,3,8
"C081","SUBLINGUAL GLAND","","C081",1995-01-01,2012-03-31,10,3,8
"C088","OVERLAPPING LESION OF MAJOR SALIVARY GLANDS","","C088",1995-01-01,2012-03-31,10,3,8
"C089","MAJOR SALIVARY GLAND, UNSPECIFIED","","C089",1995-01-01,2012-03-31,9,3,8
"C09","MALIGNANT NEOPLASM OF TONSIL","","C09",1995-01-01,1994-12-31,40,3,8
"C090","TONSILLAR FOSSA","","C090",1995-01-01,2012-03-31,10,3,8
"C091","TONSILLAR PILLAR (ANTERIOR)(POSTERIOR)","","C091",1995-01-01,2012-03-31,10,3,8
"C098","OVERLAPPING LESION OF TONSIL","","C098",1995-01-01,2012-03-31,10,3,8
"C099","TONSIL, UNSPECIFIED","","C099",1995-01-01,2012-03-31,9,3,8
"C10","MALIGNANT NEOPLASM OF OROPHARYNX","","C10",1995-01-01,1994-12-31,40,3,8
"C100","VALLECULA","","C100",1995-01-01,2012-03-31,10,3,8
"C101","ANTERIOR SURFACE OF EPIGLOTTIS","","C101",1995-01-01,2012-03-31,10,3,8
"C102","LATERAL WALL OF OROPHARYNX","","C102",1995-01-01,2012-03-31,10,3,8
"C103","POSTERIOR WALL OF OROPHARYNX","","C103",1995-01-01,2012-03-31,10,3,8
"C104","BRANCHIAL CLEFT","","C104",1995-01-01,2012-03-31,10,3,8
"C108","OVERLAPPING LESION OF OROPHARYNX","","C108",1995-01-01,2012-03-31,10,3,8
"C109","OROPHARYNX, UNSPECIFIED","","C109",1995-01-01,2012-03-31,9,3,8
"C11","MALIGNANT NEOPLASM OF NASOPHARYNX","","C11",1995-01-01,1994-12-31,40,3,8
"C110","SUPERIOR WALL OF NASOPHARYNX","","C110",1995-01-01,2012-03-31,10,3,8
"C111","POSTERIOR WALL OF NASOPHARYNX","","C111",1995-01-01,2012-03-31,10,3,8
"C112","LATERAL WALL OF NASOPHARYNX","","C112",1995-01-01,2012-03-31,10,3,8
"C113","ANTERIOR WALL OF NASOPHARYNX","","C113",1995-01-01,2012-03-31,10,3,8
"C118","OVERLAPPING LESION OF NASOPHARYNX","","C118",1995-01-01,2012-03-31,10,3,8
"C119","NASOPHARYNX, UNSPECIFIED","","C119",1995-01-01,2012-03-31,9,3,8
"C12","MALIGNANT NEOPLASM OF PYRIFORM SINUS","","C12",1995-01-01,2012-03-31,10,3,8
"C13","MALIGNANT NEOPLASM OF HYPOPHARYNX","","C13",1995-01-01,1994-12-31,40,3,8
"C130","POSTCRICOID REGION","","C130",1995-01-01,2012-03-31,10,3,8
"C131","ARYEPIGLOTTIC FOLD, HYPOPHARYNGEAL ASPECT","","C131",1995-01-01,2012-03-31,10,3,8
"C132","POSTERIOR WALL OF HYPOPHARYNX","","C132",1995-01-01,2012-03-31,10,3,8
"C138","OVERLAPPING LESION OF HYPOPHARYNX","","C138",1995-01-01,2012-03-31,10,3,8
"C139","HYPOPHARYNX, UNSPECIFIED","","C139",1995-01-01,2012-03-31,9,3,8
"C14","MALIGNANT NEOPLASM OF PHARYNX","","C14",1995-01-01,1994-12-31,40,3,8
"C140","PHARYNX, UNSPECIFIED","","C140",1995-01-01,2012-03-31,10,3,8
"C141","MALIGNANT NEOPLASM OF LARYNGOPHARYNX","","C141",1995-01-01,,-1,3,
"C142","WALDEYER'S RING","","C142",1995-01-01,2012-03-31,10,3,8
"C148","OVERLAPPING LESION OF LIP, ORAL CAVITY AND PHARYNX","","C148",1995-01-01,2012-03-31,10,3,8
"C149","C149","Fake lookup for C149","C149",,,-1,3,
"C15","MALIGNANT NEOPLASM OF OESOPHAGUS","","C15",1995-01-01,1994-12-31,40,3,5
"C150","CERVICAL PART OF OESOPHAGUS","","C150",1995-01-01,2012-03-31,10,3,5
"C151","THORACIC PART OF OESOPHAGUS","","C151",1995-01-01,2012-03-31,10,3,5
"C152","ABDOMINAL PART OF OESOPHAGUS","","C152",1995-01-01,2012-03-31,10,3,5
"C153","UPPER THIRD OF OESOPHAGUS","","C153",1995-01-01,2012-03-31,10,3,5
"C154","MIDDLE THIRD OF OESOPHAGUS","","C154",1995-01-01,2012-03-31,10,3,5
"C155","LOWER THIRD OF OESOPHAGUS","","C155",1995-01-01,2012-03-31,10,3,5
"C158","OVERLAPPING LESION OF OESOPHAGUS","","C158",1995-01-01,2012-03-31,10,3,5
"C159","OESOPHAGUS, UNSPECIFIED","","C159",1995-01-01,2012-03-31,9,3,5
"C16","MALIGNANT NEOPLASM OF STOMACH","","C16",1995-01-01,1994-12-31,40,3,5
"C160","CARDIA","","C160",1995-01-01,2012-03-31,10,3,5
"C161","FUNDUS OF STOMACH","","C161",1995-01-01,2012-03-31,10,3,5
"C162","BODY OF STOMACH","","C162",1995-01-01,2012-03-31,10,3,5
"C163","PYLORIC ANTRUM","","C163",1995-01-01,2012-03-31,10,3,5
"C164","PYLORUS","","C164",1995-01-01,2012-03-31,10,3,5
"C165","LESSER CURVATURE OF STOMACH, UNSPECIFIED","","C165",1995-01-01,2012-03-31,10,3,5
"C166","GREATER CURVATURE OF STOMACH, UNSPECIFIED","","C166",1995-01-01,2012-03-31,10,3,5
"C168","OVERLAPPING LESION OF STOMACH","","C168",1995-01-01,2012-03-31,10,3,5
"C169","STOMACH, UNSPECIFIED","","C169",1995-01-01,2012-03-31,9,3,5
"C17","MALIGNANT NEOPLASM OF SMALL INTESTINE","","C17",1995-01-01,1994-12-31,40,3,4
"C170","DUODENUM","","C170",1995-01-01,2012-03-31,10,3,4
"C171","JEJUNUM","","C171",1995-01-01,2012-03-31,10,3,4
"C172","ILEUM","","C172",1995-01-01,2012-03-31,10,3,4
"C173","MECKEL'S DIVERTICULUM","","C173",1995-01-01,2012-03-31,10,3,4
"C178","OVERLAPPING LESION OF SMALL INTESTINE","","C178",1995-01-01,2012-03-31,10,3,4
"C179","SMALL INTESTINE, UNSPECIFIED","","C179",1995-01-01,2012-03-31,9,3,4
"C18","MALIGNANT NEOPLASM OF COLON","","C18",1995-01-01,1994-12-31,40,3,4
"C180","CAECUM","","C180",1995-01-01,2012-03-31,10,3,4
"C181","APPENDIX","","C181",1995-01-01,2012-03-31,10,3,4
"C182","ASCENDING COLON","","C182",1995-01-01,2012-03-31,10,3,4
"C183","HEPATIC FLEXURE","","C183",1995-01-01,2012-03-31,10,3,4
"C184","TRANSVERSE COLON","","C184",1995-01-01,2012-03-31,10,3,4
"C185","SPLENIC FLEXURE","","C185",1995-01-01,2012-03-31,10,3,4
"C186","DESCENDING COLON","","C186",1995-01-01,2012-03-31,10,3,4
"C187","SIGMOID COLON","","C187",1995-01-01,2012-03-31,10,3,4
"C188","OVERLAPPING LESION OF COLON","","C188",1995-01-01,2012-03-31,10,3,4
"C189","COLON, UNSPECIFIED","","C189",1995-01-01,2012-03-31,9,3,4
"C19","MALIGNANT NEOPLASM OF RECTOSIGMOID JUNCTION","","C19",1995-01-01,2012-03-31,10,3,4
"C19 ","C19 ","Outdated or invalid code C19 ","C19 ",,,-1,3,
"C20","MALIGNANT NEOPLASM OF RECTUM","","C20",1995-01-01,2012-03-31,10,3,4
"C20 ","C20 ","Outdated or invalid code C20 ","C20 ",,,-1,3,
"C209","C209","Fake lookup for C209","C209",,,-1,3,
"C21","MALIGNANT NEOPLASM OF ANUS","","C21",1995-01-01,1994-12-31,40,3,4
"C210","ANUS, UNSPECIFIED","","C210",1995-01-01,2012-03-31,10,3,4
"C211","ANAL CANAL","","C211",1995-01-01,2012-03-31,10,3,4
"C212","ANUS, CLOACOGENIC ZONE","","C212",1995-01-01,2012-03-31,10,3,4
"C218","OVERLAPPING LESION OF RECTUM, ANUS AND ANAL CANAL","","C218",1995-01-01,2012-03-31,10,3,4
"C219","C219","Fake lookup for C219","C219",,,-1,3,
"C22","MALIGNANT NEOPLASM OF LIVER","","C22",1995-01-01,1994-12-31,40,3,5
"C220","LIVER CELL CARCINOMA","","C220",1995-01-01,2012-03-31,10,3,5
"C221","INTRAHEPATIC BILE DUCT CARCINOMA","","C221",1995-01-01,2012-03-31,10,3,5
"C222","HEPATOBLASTOMA","","C222",1995-01-01,2012-03-31,10,3,5
"C223","ANGIOSARCOMA OF LIVER","","C223",1995-01-01,2012-03-31,10,3,5
"C224","OTHER SARCOMAS OF THE LIVER","","C224",1995-01-01,2012-03-31,10,3,5
"C227","OTHER SPECIFIED CARCINOMAS OF LIVER","","C227",1995-01-01,2012-03-31,10,3,5
"C229","LIVER, UNSPECIFIED","","C229",1995-01-01,2012-03-31,9,3,5
"C23","MALIGNANT NEOPLASM OF GALLBLADDER","","C23",1995-01-01,2012-03-31,10,3,5
"C23 ","C23 ","Outdated or invalid code C23 ","C23 ",,,-1,3,
"C24","MALIGNANT NEOPLASM OF BILIARY TRACT","","C24",1995-01-01,1994-12-31,40,3,5
"C240","EXTRAHEPATIC BILE DUCT","","C240",1995-01-01,2012-03-31,10,3,5
"C241","AMPULLA OF VATER","","C241",1995-01-01,2012-03-31,10,3,5
"C248","OVERLAPPING LESION OF BILIARY TRACT","","C248",1995-01-01,2012-03-31,10,3,5
"C249","BILIARY TRACT, UNSPECIFIED","","C249",1995-01-01,2012-03-31,9,3,5
"C25","MALIGNANT NEOPLASM OF PANCREAS","","C25",1995-01-01,1994-12-31,40,3,5
"C250","HEAD OF PANCREAS","","C250",1995-01-01,2012-03-31,10,3,5
"C251","BODY OF PANCREAS","","C251",1995-01-01,2012-03-31,10,3,5
"C252","TAIL OF PANCREAS","","C252",1995-01-01,2012-03-31,10,3,5
"C253","PANCREATIC DUCT","","C253",1995-01-01,2012-03-31,10,3,5
"C254","ENDOCRINE PANCREAS","","C254",1995-01-01,2012-03-31,10,3,5
"C257","OTHER PARTS OF PANCREAS","","C257",1995-01-01,2012-03-31,10,3,5
"C258","OVERLAPPING LESION OF PANCREAS","","C258",1995-01-01,2012-03-31,10,3,5
"C259","PANCREAS, UNSPECIFIED","","C259",1995-01-01,2012-03-31,9,3,5
"C26","MALIGNANT NEOPLASM OF DIGESTIVE SYSTEM","","C26",1995-01-01,1994-12-31,40,3,4
"C260","INTESTINAL TRACT, PART UNSPECIFIED","","C260",1995-01-01,2012-03-31,10,3,4
"C261","SPLEEN","","C261",1995-01-01,2012-03-31,10,3,4
"C268","OVERLAPPING LESION OF DIGESTIVE SYSTEM","","C268",1995-01-01,2012-03-31,10,3,4
"C269","ILL-DEFINED SITES WITHIN THE DIGESTIVE SYSTEM","","C269",1995-01-01,2012-03-31,9,3,4
"C30","MALIGNANT NEOPLASM OF NASAL CAVITY / MIDDLE EAR","","C30",1995-01-01,1994-12-31,40,3,8
"C300","NASAL CAVITY","","C300",1995-01-01,2012-03-31,10,3,8
"C301","MIDDLE EAR","","C301",1995-01-01,2012-03-31,10,3,8
"C31","MALIGNANT NEOPLASM OF SINUS","","C31",1995-01-01,1994-12-31,40,3,8
"C310","MAXILLARY SINUS","","C310",1995-01-01,2012-03-31,10,3,8
"C311","ETHMOIDAL SINUS","","C311",1995-01-01,2012-03-31,10,3,8
"C312","FRONTAL SINUS","","C312",1995-01-01,2012-03-31,10,3,8
"C313","SPHENOIDAL SINUS","","C313",1995-01-01,2012-03-31,10,3,8
"C318","OVERLAPPING LESION OF ACCESSORY SINUSES","","C318",1995-01-01,2012-03-31,10,3,8
"C319","ACCESSORY SINUS, UNSPECIFIED","","C319",1995-01-01,2012-03-31,9,3,8
"C32","MALIGNANT NEOPLASM OF LARYNX","","C32",1995-01-01,1994-12-31,40,3,8
"C320","GLOTTIS","","C320",1995-01-01,2012-03-31,10,3,8
"C321","SUPRAGLOTTIS","","C321",1995-01-01,2012-03-31,10,3,8
"C322","SUBGLOTTIS","","C322",1995-01-01,2012-03-31,10,3,8
"C323","LARYNGEAL CARTILAGE","","C323",1995-01-01,2012-03-31,10,3,8
"C328","OVERLAPPING LESION OF LARYNX","","C328",1995-01-01,2012-03-31,10,3,8
"C329","LARYNX, UNSPECIFIED","","C329",1995-01-01,2012-03-31,9,3,8
"C33","MALIGNANT NEOPLASM OF TRACHEA","","C33",1995-01-01,2012-03-31,10,3,9
"C34","MALIGNANT NEOPLASM OF LUNG","","C34",1995-01-01,1994-12-31,40,3,9
"C340","MAIN BRONCHUS","","C340",1995-01-01,2012-03-31,10,3,9
"C341","UPPER LOBE, BRONCHUS OR LUNG","","C341",1995-01-01,2012-03-31,10,3,9
"C342","MIDDLE LOBE, BRONCHUS OR LUNG","","C342",1995-01-01,2012-03-31,10,3,9
"C343","LOWER LOBE, BRONCHUS OR LUNG","","C343",1995-01-01,2012-03-31,10,3,9
"C348","OVERLAPPING LESION OF BRONCHUS AND LUNG","","C348",1995-01-01,2012-03-31,10,3,9
"C349","BRONCHUS OR LUNG, UNSPECIFIED","","C349",1995-01-01,2012-03-31,9,3,9
"C35","C35","Outdated or invalid code C35","C35",,,-1,3,
"C37","MALIGNANT NEOPLASM OF THYMUS","","C37",1995-01-01,2012-03-31,10,3,9
"C37 ","C37 ","Outdated or invalid code C37 ","C37 ",,,-1,3,
"C38","MALIGNANT NEOPLASM OF MEDIASTINUM","","C38",1995-01-01,1994-12-31,40,3,9
"C380","HEART","","C380",1995-01-01,2012-03-31,10,3,9
"C381","ANTERIOR MEDIASTINUM","","C381",1995-01-01,2012-03-31,10,3,9
"C382","POSTERIOR MEDIASTINUM","","C382",1995-01-01,2012-03-31,10,3,9
"C383","MEDIASTINUM, PART UNSPECIFIED","","C383",1995-01-01,2012-03-31,10,3,9
"C384","PLEURA","","C384",1995-01-01,2012-03-31,10,3,9
"C388","OVERLAPPING LESION OF HEART, MEDIASTINUM AND PLEURA","","C388",1995-01-01,2012-03-31,10,3,9
"C389","C389","Fake lookup for C389","C389",,,-1,3,
"C39","MALIGNANT NEOPLASM OF INTRATHORACIC/RESPIRATORY SYSTEM","","C39",1995-01-01,1994-12-31,40,3,9
"C390","UPPER RESPIRATORY TRACT, PART UNSPECIFIED","","C390",1995-01-01,2012-03-31,10,3,9
"C398","OVERLAPPING LESION OF RESPIRATORY AND INTRATHORACIC ORGANS","","C398",1995-01-01,2012-03-31,10,3,9
"C399","ILL-DEFINED SITES WITHIN THE RESPIRATORY SYSTEM","","C399",1995-01-01,2012-03-31,9,3,9
"C40","MALIGNANT NEOPLASM OF BONE","","C40",1995-01-01,1994-12-31,40,3,10
"C400","SCAPULA AND LONG BONES OF UPPER LIMB","","C400",1995-01-01,2012-03-31,10,3,10
"C401","SHORT BONES OF UPPER LIMB","","C401",1995-01-01,2012-03-31,10,3,10
"C402","LONG BONES OF LOWER LIMB","","C402",1995-01-01,2012-03-31,10,3,10
"C403","SHORT BONES OF LOWER LIMB","","C403",1995-01-01,2012-03-31,10,3,10
"C408","OVERLAPPING LESION OF BONE AND ARTICULAR CARTILAGE OF LIMBS","","C408",1995-01-01,2012-03-31,10,3,10
"C409","BONES AND ARTICULAR CARTILAGE OF LIMB, UNSPECIFIED","","C409",1995-01-01,2012-03-31,9,3,10
"C41","MALIGNANT NEOPLASM OF BONE","","C41",1995-01-01,1994-12-31,40,3,10
"C410","BONES OF SKULL AND FACE","","C410",1995-01-01,2012-03-31,10,3,10
"C411","MANDIBLE","","C411",1995-01-01,2012-03-31,10,3,10
"C412","VERTEBRAL COLUMN","","C412",1995-01-01,2012-03-31,10,3,10
"C413","RIBS, STERNUM AND CLAVICLE","","C413",1995-01-01,2012-03-31,10,3,10
"C414","PELVIC BONES, SACRUM AND COCCYX","","C414",1995-01-01,2012-03-31,10,3,10
"C418","OVERLAPPING LESION OF BONE AND ARTICULAR CARTILAGE","","C418",1995-01-01,2012-03-31,10,3,10
"C419","BONE AND ARTICULAR CARTILAGE, UNSPECIFIED","","C419",1995-01-01,2012-03-31,9,3,10
"C43","MALIGNANT MELANOMA OF SKIN","","C43",1995-01-01,1994-12-31,40,3,11
"C430","MALIGNANT MELANOMA OF LIP","","C430",1995-01-01,2012-03-31,10,3,11
"C431","MALIGNANT MELANOMA OF EYELID, INCLUDING CANTHUS","","C431",1995-01-01,2012-03-31,10,3,11
"C432","MALIGNANT MELANOMA OF EAR AND EXTERNAL AURICULAR CANAL","","C432",1995-01-01,2012-03-31,10,3,11
"C433","MALIGNANT MELANOMA OF OTHER AND UNSPECIFIED PARTS OF FACE","","C433",1995-01-01,2012-03-31,10,3,11
"C434","MALIGNANT MELANOMA OF SCALP AND NECK","","C434",1995-01-01,2012-03-31,10,3,11
"C435","MALIGNANT MELANOMA OF TRUNK","","C435",1995-01-01,2012-03-31,10,3,11
"C436","MALIGNANT MELANOMA OF UPPER LIMB, INCLUDING SHOULDER","","C436",1995-01-01,2012-03-31,10,3,11
"C437","MALIGNANT MELANOMA OF LOWER LIMB, INCLUDING HIP","","C437",1995-01-01,2012-03-31,10,3,11
"C438","OVERLAPPING MALIGNANT MELANOMA OF SKIN","","C438",1995-01-01,2012-03-31,10,3,11
"C439","MALIGNANT MELANOMA OF SKIN, UNSPECIFIED","","C439",1995-01-01,2012-03-31,9,3,11
"C44","MALIGNANT NEOPLASM OF SKIN","","C44",1995-01-01,1994-12-31,40,3,
"C440","SKIN OF LIP","","C440",1995-01-01,2012-03-31,10,3,13
"C441","SKIN OF EYELID, INCLUDING CANTHUS","","C441",1995-01-01,2012-03-31,10,3,13
"C442","SKIN OF EAR AND EXTERNAL AURICULAR CANAL","","C442",1995-01-01,2012-03-31,10,3,13
"C443","SKIN OF OTHER AND UNSPECIFIED PARTS OF FACE","","C443",1995-01-01,2012-03-31,10,3,13
"C444","SKIN OF SCALP AND NECK","","C444",1995-01-01,2012-03-31,10,3,13
"C445","SKIN OF TRUNK","","C445",1995-01-01,2012-03-31,10,3,13
"C446","SKIN OF UPPER LIMB, INCLUDING SHOULDER","","C446",1995-01-01,2012-03-31,10,3,13
"C447","SKIN OF LOWER LIMB, INCLUDING HIP","","C447",1995-01-01,2012-03-31,10,3,13
"C448","OVERLAPPING LESION OF SKIN","","C448",1995-01-01,2012-03-31,10,3,13
"C449","MALIGNANT NEOPLASM OF SKIN, UNSPECIFIED","","C449",1995-01-01,2012-03-31,9,3,13
"C45","MESOTHELIOMA","","C45",1995-01-01,1994-12-31,40,3,9
"C450","MESOTHELIOMA OF PLEURA","","C450",1995-01-01,2012-03-31,10,3,9
"C451","MESOTHELIOMA OF PERITONEUM","","C451",1995-01-01,2012-03-31,10,3,9
"C452","MESOTHELIOMA OF PERICARDIUM","","C452",1995-01-01,2012-03-31,10,3,9
"C457","MESOTHELIOMA OF OTHER SITES","","C457",1995-01-01,2012-03-31,10,3,9
"C459","MESOTHELIOMA, UNSPECIFIED","","C459",1995-01-01,2012-03-31,9,3,9
"C46","KAPOSI'S SARCOMA","","C46",1995-01-01,1994-12-31,40,3,10
"C460","KAPOSI'S SARCOMA OF SKIN","","C460",1995-01-01,2012-03-31,10,3,10
"C461","KAPOSI'S SARCOMA OF SOFT TISSUE","","C461",1995-01-01,2012-03-31,10,3,10
"C462","KAPOSI'S SARCOMA OF PALATE","","C462",1995-01-01,2012-03-31,10,3,10
"C463","KAPOSI'S SARCOMA OF LYMPH NODES","","C463",1995-01-01,2012-03-31,10,3,10
"C467","KAPOSI'S SARCOMA OF OTHER SITES","","C467",1995-01-01,2012-03-31,10,3,10
"C468","KAPOSI'S SARCOMA OF MULTIPLE ORGANS","","C468",1995-01-01,2012-03-31,10,3,10
"C469","KAPOSI'S SARCOMA, UNSPECIFIED","","C469",1995-01-01,2012-03-31,9,3,10
"C47","MALIGNANT NEOPLASM OF NERVE","","C47",1995-01-01,1994-12-31,40,3,1
"C470","PERIPHERAL NERVES OF HEAD, FACE AND NECK","","C470",1995-01-01,2012-03-31,10,3,1
"C471","PERIPHERAL NERVES OF UPPER LIMB, INCLUDING SHOULDER","","C471",1995-01-01,2012-03-31,10,3,1
"C472","PERIPHERAL NERVES OF LOWER LIMB, INCLUDING HIP","","C472",1995-01-01,2012-03-31,10,3,1
"C473","PERIPHERAL NERVES OF THORAX","","C473",1995-01-01,2012-03-31,10,3,1
"C474","PERIPHERAL NERVES OF ABDOMEN","","C474",1995-01-01,2012-03-31,10,3,1
"C475","PERIPHERAL NERVES OF PELVIS","","C475",1995-01-01,2012-03-31,10,3,1
"C476","PERIPHERAL NERVES OF TRUNK, UNSPECIFIED","","C476",1995-01-01,2012-03-31,10,3,1
"C478","OVERLAPPING LESION OF PERIPHERAL NERVES AND AUTONOMIC NERVOUS SY","","C478",1995-01-01,2012-03-31,10,3,1
"C479","PERIPHERAL NERVES AND AUTONOMIC NERVOUS SYSTEM, UNSPECIFIED","","C479",1995-01-01,2012-03-31,9,3,1
"C48","MALIGNANT NEOPLASM OF PERITONEUM","","C48",1995-01-01,1994-12-31,40,3,10
"C480","RETROPERITONEUM","","C480",1995-01-01,2012-03-31,10,3,10
"C481","SPECIFIED PARTS OF PERITONEUM","","C481",1995-01-01,2012-03-31,10,3,10
"C482","PERITONEUM, UNSPECIFIED","","C482",1995-01-01,2012-03-31,10,3,10
"C488","OVERLAPPING LESION OF RETROPERITONEUM AND PERITONEUM","","C488",1995-01-01,2012-03-31,10,3,10
"C49","MALIGNANT NEOPLASM OF SOFT TISSUE","","C49",1995-01-01,1994-12-31,40,3,10
"C490","CONNECTIVE AND SOFT TISSUE OF HEAD, FACE AND NECK","","C490",1995-01-01,2012-03-31,10,3,10
"C491","CONNECTIVE AND SOFT TISSUE OF UPPER LIMB, INCLUDING SHOULDER","","C491",1995-01-01,2012-03-31,10,3,10
"C492","CONNECTIVE AND SOFT TISSUE OF LOWER LIMB, INCLUDING HIP","","C492",1995-01-01,2012-03-31,10,3,10
"C493","CONNECTIVE AND SOFT TISSUE OF THORAX","","C493",1995-01-01,2012-03-31,10,3,10
"C494","CONNECTIVE AND SOFT TISSUE OF ABDOMEN","","C494",1995-01-01,2012-03-31,10,3,10
"C495","CONNECTIVE AND SOFT TISSUE OF PELVIS","","C495",1995-01-01,2012-03-31,10,3,10
"C496","CONNECTIVE AND SOFT TISSUE OF TRUNK, UNSPECIFIED","","C496",1995-01-01,2012-03-31,10,3,10
"C498","OVERLAPPING LESION OF CONNECTIVE AND SOFT TISSUE","","C498",1995-01-01,2012-03-31,10,3,10
"C499","CONNECTIVE AND SOFT TISSUE, UNSPECIFIED","","C499",1995-01-01,2012-03-31,9,3,10
"C50","MALIGNANT NEOPLASM OF BREAST","","C50",1995-01-01,1994-12-31,40,3,2
"C500","NIPPLE AND AREOLA","","C500",1995-01-01,2012-03-31,10,3,2
"C501","CENTRAL PORTION OF BREAST","","C501",1995-01-01,2012-03-31,10,3,2
"C502","UPPER-INNER QUADRANT OF BREAST","","C502",1995-01-01,2012-03-31,10,3,2
"C503","LOWER-INNER QUADRANT OF BREAST","","C503",1995-01-01,2012-03-31,10,3,2
"C504","UPPER-OUTER QUADRANT OF BREAST","","C504",1995-01-01,2012-03-31,10,3,2
"C505","LOWER-OUTER QUADRANT OF BREAST","","C505",1995-01-01,2012-03-31,10,3,2
"C506","AXILLARY TAIL OF BREAST","","C506",1995-01-01,2012-03-31,10,3,2
"C508","OVERLAPPING LESION OF BREAST","","C508",1995-01-01,2012-03-31,10,3,2
"C509","BREAST, UNSPECIFIED","","C509",1995-01-01,2012-03-31,9,3,2
"C51","MALIGNANT NEOPLASM OF VULVA","","C51",1995-01-01,1994-12-31,40,3,6
"C510","LABIUM MAJUS","","C510",1995-01-01,2012-03-31,10,3,6
"C511","LABIUM MINUS","","C511",1995-01-01,2012-03-31,10,3,6
"C512","CLITORIS","","C512",1995-01-01,2012-03-31,10,3,6
"C518","OVERLAPPING LESION OF VULVA","","C518",1995-01-01,2012-03-31,10,3,6
"C519","VULVA, UNSPECIFIED","","C519",1995-01-01,2012-03-31,9,3,6
"C52","MALIGNANT NEOPLASM OF VAGINA","","C52",1995-01-01,2012-03-31,10,3,6
"C53","MALIGNANT NEOPLASM OF CERVIX UTERI","","C53",1995-01-01,1994-12-31,40,3,6
"C530","ENDOCERVIX","","C530",1995-01-01,2012-03-31,10,3,6
"C531","EXOCERVIX","","C531",1995-01-01,2012-03-31,10,3,6
"C538","OVERLAPPING LESION OF CERVIX UTERI","","C538",1995-01-01,2012-03-31,10,3,6
"C539","CERVIX UTERI, UNSPECIFIED","","C539",1995-01-01,2012-03-31,9,3,6
"C54","MALIGNANT NEOPLASM OF CORPUS UTERI","","C54",1995-01-01,1994-12-31,40,3,6
"C540","ISTHMUS UTERI","","C540",1995-01-01,2012-03-31,10,3,6
"C541","ENDOMETRIUM","","C541",1995-01-01,2012-03-31,10,3,6
"C542","MYOMETRIUM","","C542",1995-01-01,2012-03-31,10,3,6
"C543","FUNDUS UTERI","","C543",1995-01-01,2012-03-31,10,3,6
"C548","OVERLAPPING LESION OF CORPUS UTERI","","C548",1995-01-01,2012-03-31,10,3,6
"C549","CORPUS UTERI, UNSPECIFIED","","C549",1995-01-01,2012-03-31,9,3,6
"C55","MALIGNANT NEOPLASM OF UTERUS, PART UNSPECIFIED","","C55",1995-01-01,2012-03-31,10,3,6
"C55 ","C55 ","Outdated or invalid code C55 ","C55 ",,,-1,3,
"C56","MALIGNANT NEOPLASM OF OVARY","","C56",1995-01-01,2012-03-31,10,3,6
"C56 ","C56 ","Outdated or invalid code C56 ","C56 ",,,-1,3,
"C569","C569","Fake lookup for C569","C569",,,-1,3,
"C57","MALIGNANT NEOPLASM OF FEMALE GENITAL ORGANS","","C57",1995-01-01,1994-12-31,40,3,6
"C570","FALLOPIAN TUBE","","C570",1995-01-01,2012-03-31,10,3,6
"C571","BROAD LIGAMENT - UTERINE ADEXNA","","C571",1995-01-01,2012-03-31,10,3,6
"C572","ROUND LIGAMENT - UTERINE ADEXNA","","C572",1995-01-01,2012-03-31,10,3,6
"C573","PARAMETRIUM","","C573",1995-01-01,2012-03-31,10,3,6
"C574","UTERINE ADNEXA, UNSPECIFIED","","C574",1995-01-01,2012-03-31,10,3,6
"C577","OTHER SPECIFIED FEMALE GENITAL ORGANS","","C577",1995-01-01,2012-03-31,10,3,6
"C578","OVERLAPPING LESION OF FEMALE GENITAL ORGANS","","C578",1995-01-01,2012-03-31,10,3,6
"C579","FEMALE GENITAL ORGAN, UNSPECIFIED","","C579",1995-01-01,2012-03-31,9,3,6
"C58","MALIGNANT NEOPLASM OF PLACENTA","","C58",1995-01-01,2012-03-31,10,3,6
"C6","C6","Outdated or invalid code C6","C6",,,-1,3,
"C60","MALIGNANT NEOPLASM OF PENIS","","C60",1995-01-01,1994-12-31,40,3,12
"C600","PREPUCE - PENIS","","C600",1995-01-01,2012-03-31,10,3,12
"C601","GLANS PENIS","","C601",1995-01-01,2012-03-31,10,3,12
"C602","BODY OF PENIS","","C602",1995-01-01,2012-03-31,10,3,12
"C608","OVERLAPPING LESION OF PENIS","","C608",1995-01-01,2012-03-31,10,3,12
"C609","PENIS, UNSPECIFIED","","C609",1995-01-01,2012-03-31,9,3,12
"C61","MALIGNANT NEOPLASM OF PROSTATE","","C61",1995-01-01,2012-03-31,10,3,12
"C61 ","C61 ","Outdated or invalid code C61 ","C61 ",,,-1,3,
"C619","C619","Fake lookup for C619","C619",,,-1,3,
"C62","MALIGNANT NEOPLASM OF TESTIS","","C62",1995-01-01,1994-12-31,40,3,12
"C620","UNDESCENDED TESTIS","","C620",1995-01-01,2012-03-31,10,3,12
"C621","DESCENDED TESTIS","","C621",1995-01-01,2012-03-31,10,3,12
"C629","TESTIS, UNSPECIFIED","","C629",1995-01-01,2012-03-31,9,3,12
"C63","MALIGNANT NEOPLASM OF MALE GENITAL ORGANS","","C63",1995-01-01,1994-12-31,40,3,12
"C630","EPIDIDYMIS, MALE GENITAL ORGANS","","C630",1995-01-01,2012-03-31,10,3,12
"C631","SPERMATIC CORD, MALE GENITAL ORGANS","","C631",1995-01-01,2012-03-31,10,3,12
"C632","SCROTUM - MALE GENITAL ORGANS","","C632",1995-01-01,2012-03-31,10,3,12
"C637","OTHER SPECIFIED MALE GENITAL ORGANS","","C637",1995-01-01,2012-03-31,10,3,12
"C638","OVERLAPPING LESION OF MALE GENITAL ORGANS","","C638",1995-01-01,2012-03-31,10,3,12
"C639","MALE GENITAL ORGAN, UNSPECIFIED","","C639",1995-01-01,2012-03-31,9,3,12
"C64","MALIGNANT NEOPLASM OF KIDNEY, EXCEPT RENAL PELVIS","","C64",1995-01-01,2012-03-31,10,3,12
"C64 ","C64 ","Outdated or invalid code C64 ","C64 ",,,-1,3,
"C649","C649","Fake lookup for C649","C649",,,-1,3,
"C65","MALIGNANT NEOPLASM OF RENAL PELVIS","","C65",1995-01-01,2012-03-31,10,3,12
"C659","C659","Fake lookup for C659","C659",,,-1,3,
"C66","MALIGNANT NEOPLASM OF URETER","","C66",1995-01-01,2012-03-31,10,3,12
"C67","MALIGNANT NEOPLASM OF BLADDER","","C67",1995-01-01,1994-12-31,40,3,12
"C670","TRIGONE OF BLADDER","","C670",1995-01-01,2012-03-31,10,3,12
"C671","DOME OF BLADDER","","C671",1995-01-01,2012-03-31,10,3,12
"C672","LATERAL WALL OF BLADDER","","C672",1995-01-01,2012-03-31,10,3,12
"C673","ANTERIOR WALL OF BLADDER","","C673",1995-01-01,2012-03-31,10,3,12
"C674","POSTERIOR WALL OF BLADDER","","C674",1995-01-01,2012-03-31,10,3,12
"C675","BLADDER NECK","","C675",1995-01-01,2012-03-31,10,3,12
"C676","URETERIC ORIFICE - BLADDER","","C676",1995-01-01,2012-03-31,10,3,12
"C677","URACHUS - BLADDER","","C677",1995-01-01,2012-03-31,10,3,12
"C678","OVERLAPPING LESION OF BLADDER","","C678",1995-01-01,2012-03-31,10,3,12
"C679","BLADDER, UNSPECIFIED","","C679",1995-01-01,2012-03-31,9,3,12
"C68","MALIGNANT NEOPLASM OF URINARY SYSTEM","","C68",1995-01-01,1994-12-31,40,3,12
"C680","URETHRA","","C680",1995-01-01,2012-03-31,10,3,12
"C681","PARAURETHRAL GLAND","","C681",1995-01-01,2012-03-31,10,3,12
"C688","OVERLAPPING LESION OF URINARY ORGANS","","C688",1995-01-01,2012-03-31,10,3,12
"C689","URINARY ORGAN, UNSPECIFIED","","C689",1995-01-01,2012-03-31,9,3,12
"C69","MALIGNANT NEOPLASM OF EYE","","C69",1995-01-01,1994-12-31,40,3,14
"C690","CONJUNCTIVA - EYE","","C690",1995-01-01,2012-03-31,10,3,14
"C691","CORNEA - EYE","","C691",1995-01-01,2012-03-31,10,3,14
"C692","RETINA - EYE","","C692",1995-01-01,2012-03-31,10,3,14
"C693","CHOROID - EYE","","C693",1995-01-01,2012-03-31,10,3,14
"C694","CILIARY BODY - EYE","","C694",1995-01-01,2012-03-31,10,3,14
"C695","LACRIMAL GLAND AND DUCT - EYE","","C695",1995-01-01,2012-03-31,10,3,14
"C696","ORBIT - EYE","","C696",1995-01-01,2012-03-31,10,3,14
"C698","OVERLAPPING LESION OF EYE AND ADNEXA","","C698",1995-01-01,2012-03-31,10,3,14
"C699","EYE, UNSPECIFIED","","C699",1995-01-01,2012-03-31,9,3,14
"C70","MALIGNANT NEOPLASM OF MENINGES","","C70",1995-01-01,1994-12-31,40,3,1
"C700","CEREBRAL MENINGES","","C700",1995-01-01,2012-03-31,10,3,1
"C701","SPINAL MENINGES","","C701",1995-01-01,2012-03-31,10,3,1
"C709","MENINGES, UNSPECIFIED","","C709",1995-01-01,2012-03-31,9,3,1
"C71","MALIGNANT NEOPLASM OF BRAIN","","C71",1995-01-01,1994-12-31,40,3,1
"C710","BRAIN, CEREBRUM, EXCEPT LOBES AND VENTRICLES","","C710",1995-01-01,2012-03-31,10,3,1
"C711","BRAIN, FRONTAL LOBE","","C711",1995-01-01,2012-03-31,10,3,1
"C712","BRAIN, TEMPORAL LOBE","","C712",1995-01-01,2012-03-31,10,3,1
"C713","BRAIN, PARIETAL LOBE","","C713",1995-01-01,2012-03-31,10,3,1
"C714","BRAIN, OCCIPITAL LOBE","","C714",1995-01-01,2012-03-31,10,3,1
"C715","BRAIN, CEREBRAL VENTRICLE","","C715",1995-01-01,2012-03-31,10,3,1
"C716","BRAIN, CEREBELLUM","","C716",1995-01-01,2012-03-31,10,3,1
"C717","BRAIN STEM","","C717",1995-01-01,2012-03-31,10,3,1
"C718","OVERLAPPING LESION OF BRAIN","","C718",1995-01-01,2012-03-31,10,3,1
"C719","BRAIN, UNSPECIFIED","","C719",1995-01-01,2012-03-31,9,3,1
"C72","MALIGNANT NEOPLASM OF SPINAL CORD / CNS","","C72",1995-01-01,1994-12-31,40,3,1
"C720","SPINAL CORD","","C720",1995-01-01,2012-03-31,10,3,1
"C721","CAUDA EQUINA","","C721",1995-01-01,2012-03-31,10,3,1
"C722","OLFACTORY NERVE","","C722",1995-01-01,2012-03-31,10,3,1
"C723","OPTIC NERVE","","C723",1995-01-01,2012-03-31,10,3,1
"C724","ACOUSTIC NERVE","","C724",1995-01-01,2012-03-31,10,3,1
"C725","OTHER AND UNSPECIFIED CRANIAL NERVES","","C725",1995-01-01,2012-03-31,10,3,1
"C728","OVERLAPPING LESION OF BRAIN AND OTHER PARTS OF CENTRAL NERVOUS S","","C728",1995-01-01,2012-03-31,10,3,1
"C729","CENTRAL NERVOUS SYSTEM, UNSPECIFIED","","C729",1995-01-01,2012-03-31,9,3,1
"C73","MALIGNANT NEOPLASM OF THYROID GLAND","","C73",1995-01-01,2012-03-31,10,3,8
"C73 ","C73 ","Outdated or invalid code C73 ","C73 ",,,-1,3,
"C74","MALIGNANT NEOPLASM OF ADRENAL GLAND","","C74",1995-01-01,1994-12-31,40,3,3
"C740","CORTEX OF ADRENAL GLAND","","C740",1995-01-01,2012-03-31,10,3,3
"C741","MEDULLA OF ADRENAL GLAND","","C741",1995-01-01,2012-03-31,10,3,3
"C749","ADRENAL GLAND, UNSPECIFIED","","C749",1995-01-01,2012-03-31,9,3,3
"C75","MALIGNANT NEOPLASM OF ENDOCRINE GLAND","","C75",1995-01-01,1994-12-31,40,3,3
"C750","PARATHYROID GLAND","","C750",1995-01-01,2012-03-31,10,3,3
"C751","PITUITARY GLAND","","C751",1995-01-01,2012-03-31,10,3,3
"C752","CRANIOPHARYNGEAL DUCT","","C752",1995-01-01,2012-03-31,10,3,3
"C753","PINEAL GLAND","","C753",1995-01-01,2012-03-31,10,3,3
"C754","CAROTID BODY","","C754",1995-01-01,2012-03-31,10,3,3
"C755","AORTIC BODY AND OTHER PARAGANGLIA","","C755",1995-01-01,2012-03-31,10,3,3
"C758","PLURIGLANDULAR INVOLVEMENT, UNSPECIFIED","","C758",1995-01-01,2012-03-31,10,3,3
"C759","ENDOCRINE GLAND, UNSPECIFIED","","C759",1995-01-01,2012-03-31,9,3,3
"C76","MALIGNANT NEOPLASM","","C76",1995-01-01,1994-12-31,40,3,14
"C760","HEAD, FACE AND NECK","","C760",1995-01-01,2012-03-31,10,3,14
"C761","THORAX","","C761",1995-01-01,2012-03-31,10,3,14
"C762","ABDOMEN","","C762",1995-01-01,2012-03-31,10,3,14
"C763","PELVIS","","C763",1995-01-01,2012-03-31,10,3,14
"C764","UPPER LIMB","","C764",1995-01-01,2012-03-31,10,3,14
"C765","LOWER LIMB","","C765",1995-01-01,2012-03-31,10,3,14
"C767","OTHER ILL-DEFINED SITES","","C767",1995-01-01,2012-03-31,10,3,14
"C768","OVERLAPPING LESION OF OTHER AND ILL-DEFINED SITES","","C768",1995-01-01,2012-03-31,10,3,14
"C769","C769","Fake lookup for C769","C769",,,-1,3,
"C77","SECONDARY MALIGNANCY OF LYMPH NODE","","C77",1995-01-01,1994-12-31,40,3,14
"C770","LYMPH NODES OF HEAD, FACE AND NECK","","C770",1995-01-01,2012-03-31,10,3,8
"C771","INTRATHORACIC LYMPH NODES","","C771",1995-01-01,2012-03-31,10,3,14
"C772","INTRA-ABDOMINAL LYMPH NODES","","C772",1995-01-01,2012-03-31,10,3,14
"C773","AXILLARY AND UPPER LIMB LYMPH NODES","","C773",1995-01-01,2012-03-31,10,3,14
"C774","INGUINAL AND LOWER LIMB LYMPH NODES","","C774",1995-01-01,2012-03-31,10,3,14
"C775","INTRAPELVIC LYMPH NODES","","C775",1995-01-01,2012-03-31,10,3,14
"C778","LYMPH NODES OF MULTIPLE REGIONS","","C778",1995-01-01,2012-03-31,10,3,14
"C779","LYMPH NODE, UNSPECIFIED","","C779",1995-01-01,2012-03-31,9,3,14
"C78","SECONDARY MALIGNANCY","","C78",1995-01-01,1994-12-31,40,3,14
"C780","SECONDARY MALIGNANT NEOPLASM OF LUNG","","C780",1995-01-01,2012-03-31,10,3,14
"C781","SECONDARY MALIGNANT NEOPLASM OF MEDIASTINUM","","C781",1995-01-01,2012-03-31,10,3,14
"C782","SECONDARY MALIGNANT NEOPLASM OF PLEURA","","C782",1995-01-01,2012-03-31,10,3,14
"C783","SECONDARY MALIGNANT NEOPLASM OF OTHER AND UNSPECIFIED RESPIRATOR","","C783",1995-01-01,2012-03-31,10,3,14
"C784","SECONDARY MALIGNANT NEOPLASM OF SMALL INTESTINE","","C784",1995-01-01,2012-03-31,10,3,14
"C785","SECONDARY MALIGNANT NEOPLASM OF LARGE INTESTINE AND RECTUM","","C785",1995-01-01,2012-03-31,10,3,14
"C786","SECONDARY MALIGNANT NEOPLASM OF RETROPERITONEUM AND PERITONEUM","","C786",1995-01-01,2012-03-31,10,3,14
"C787","SECONDARY MALIGNANT NEOPLASM OF LIVER","","C787",1995-01-01,2012-03-31,10,3,14
"C788","SECONDARY MALIGNANT NEOPLASM OF OTHER AND UNSPECIFIED DIGESTIVE ","","C788",1995-01-01,2012-03-31,10,3,14
"C789","C789","Fake lookup for C789","C789",,,-1,3,
"C79","SECONDARY MALIGNANCY","","C79",1995-01-01,1994-12-31,40,3,14
"C790","SECONDARY MALIGNANT NEOPLASM OF KIDNEY AND RENAL PELVIS","","C790",1995-01-01,2012-03-31,10,3,14
"C791","SECONDARY MALIGNANT NEOPLASM OF BLADDER AND OTHER AND UNSPECIFIE","","C791",1995-01-01,2012-03-31,10,3,14
"C792","SECONDARY MALIGNANT NEOPLASM OF SKIN","","C792",1995-01-01,2012-03-31,10,3,14
"C793","SECONDARY MALIGNANT NEOPLASM OF BRAIN AND CEREBRAL MENINGES","","C793",1995-01-01,2012-03-31,10,3,14
"C794","SECONDARY MALIGNANT NEOPLASM OF OTHER AND UNSPECIFIED PARTS OF N","","C794",1995-01-01,2012-03-31,10,3,14
"C795","SECONDARY MALIGNANT NEOPLASM OF BONE AND BONE MARROW","","C795",1995-01-01,2012-03-31,10,3,14
"C796","SECONDARY MALIGNANT NEOPLASM OF OVARY","","C796",1995-01-01,2012-03-31,10,3,14
"C797","SECONDARY MALIGNANT NEOPLASM OF ADRENAL GLAND","","C797",1995-01-01,2012-03-31,10,3,14
"C798","SECONDARY MALIGNANT NEOPLASM OF OTHER SPECIFIED SITES","","C798",1995-01-01,2012-03-31,10,3,14
"C799","C799","Fake lookup for C799","C799",,,-1,3,
"C8","C8","Outdated or invalid code C8","C8",,,-1,3,
"C80","MALIGNANT NEOPLASM WITHOUT SPECIFICATION OF SITE","","C80",1995-01-01,2012-03-31,10,3,14
"C80 ","C80 ","Outdated or invalid code C80 ","C80 ",,,-1,3,
"C809","C809","Fake lookup for C809","C809",,,-1,3,
"C81","HODGKIN'S DISEASE","","C81",1995-01-01,1994-12-31,40,3,7
"C810","LYMPHOCYTIC PREDOMINANCE","","C810",1995-01-01,2012-03-31,10,3,7
"C811","NODULAR SCLEROSIS","","C811",1995-01-01,2012-03-31,10,3,7
"C812","MIXED CELLULARITY","","C812",1995-01-01,2012-03-31,10,3,7
"C813","LYMPHOCYTIC DEPLETION","","C813",1995-01-01,2012-03-31,10,3,7
"C817","OTHER HODGKIN'S DISEASE","","C817",1995-01-01,2012-03-31,10,3,7
"C819","HODGKIN'S DISEASE, UNSPECIFIED","","C819",1995-01-01,2012-03-31,9,3,7
"C82","NON-HODGKIN'S LYMPHOMA","","C82",1995-01-01,1994-12-31,40,3,7
"C820","SMALL CLEAVED CELL, FOLLICULAR","","C820",1995-01-01,2012-03-31,10,3,7
"C821","MIXED SMALL CLEAVED AND LARGE CELL, FOLLICULAR","","C821",1995-01-01,2012-03-31,10,3,7
"C822","LARGE CELL, FOLLICULAR","","C822",1995-01-01,2012-03-31,10,3,7
"C827","OTHER TYPES OF FOLLICULAR NON-HODGKIN'S LYMPHOMA","","C827",1995-01-01,2012-03-31,10,3,7
"C829","FOLLICULAR NON-HODGKIN'S LYMPHOMA, UNSPECIFIED","","C829",1995-01-01,2012-03-31,9,3,7
"C83","NON-HODGKIN'S LYMPHOMA","","C83",1995-01-01,1994-12-31,40,3,7
"C830","SMALL CELL (DIFFUSE)","","C830",1995-01-01,2012-03-31,10,3,7
"C831","SMALL CLEAVED CELL (DIFFUSE)","","C831",1995-01-01,2012-03-31,10,3,7
"C832","MIXED SMALL AND LARGE CELL (DIFFUSE)","","C832",1995-01-01,2012-03-31,10,3,7
"C833","LARGE CELL (DIFFUSE)","","C833",1995-01-01,2012-03-31,10,3,7
"C834","IMMUNOBLASTIC (DIFFUSE)","","C834",1995-01-01,2012-03-31,10,3,7
"C835","LYMPHOBLASTIC (DIFFUSE)","","C835",1995-01-01,2012-03-31,10,3,7
"C836","UNDIFFERENTIATED (DIFFUSE)","","C836",1995-01-01,2012-03-31,10,3,7
"C837","BURKITT'S TUMOUR","","C837",1995-01-01,2012-03-31,10,3,7
"C838","OTHER TYPES OF DIFFUSE NON-HODGKIN'S LYMPHOMA","","C838",1995-01-01,2012-03-31,10,3,7
"C839","DIFFUSE NON-HODGKIN'S LYMPHOMA, UNSPECIFIED","","C839",1995-01-01,2012-03-31,9,3,7
"C84","NON-HODGKIN'S LYMPHOMA","","C84",1995-01-01,1994-12-31,40,3,7
"C840","MYCOSIS FUNGOIDES","","C840",1995-01-01,2012-03-31,10,3,7
"C841","SEZARY'S DISEASE","","C841",1995-01-01,2012-03-31,10,3,7
"C842","T-ZONE LYMPHOMA","","C842",1995-01-01,2012-03-31,10,3,7
"C843","LYMPHOEPITHELIOID LYMPHOMA","","C843",1995-01-01,2012-03-31,10,3,7
"C844","PERIPHERAL T-CELL LYMPHOMA","","C844",1995-01-01,2012-03-31,10,3,7
"C845","OTHER AND UNSPECIFIED T-CELL LYMPHOMAS","","C845",1995-01-01,2012-03-31,10,3,7
"C849","C849","Fake lookup for C849","C849",,,-1,3,
"C85","NON-HODGKIN'S LYMPHOMA","","C85",1995-01-01,1994-12-31,40,3,7
"C850","LYMPHOSARCOMA","","C850",1995-01-01,2012-03-31,10,3,7
"C851","B-CELL LYMPHOMA, UNSPECIFIED","","C851",1995-01-01,2012-03-31,10,3,7
"C857","OTHER SPECIFIED TYPES OF NON-HODGKIN'S LYMPHOMA","","C857",1995-01-01,2012-03-31,10,3,7
"C859","NON-HODGKIN'S LYMPHOMA, UNSPECIFIED TYPE","","C859",1995-01-01,2012-03-31,9,3,7
"C87","C87","Fake lookup for C87","C87",,,-1,3,
"C88","IMMUNOPROLIFERATIVE DIAEASE","","C88",1995-01-01,1994-12-31,40,3,7
"C880","WALDENSTRÂ¿M'S MACROGLOBULINAEMIA","","C880",1995-01-01,2012-03-31,10,3,7
"C881","ALPHA HEAVY CHAIN DISEASE","","C881",1995-01-01,2012-03-31,10,3,7
"C882","GAMMA HEAVY CHAIN DISEASE","","C882",1995-01-01,2012-03-31,10,3,7
"C883","IMMUNOPROLIFERATIVE SMALL INTESTINAL DISEASE","","C883",1995-01-01,2012-03-31,10,3,7
"C887","OTHER MALIGNANT IMMUNOPROLIFERATIVE DISEASES","","C887",1995-01-01,2012-03-31,10,3,7
"C889","MALIGNANT IMMUNOPROLIFERATIVE DISEASE, UNSPECIFIED","","C889",1995-01-01,2012-03-31,9,3,7
"C90","MYELOMA","","C90",1995-01-01,1994-12-31,40,3,7
"C900","MULTIPLE MYELOMA","","C900",1995-01-01,2012-03-31,10,3,7
"C901","PLASMA CELL LEUKAEMIA","","C901",1995-01-01,2012-03-31,10,3,7
"C902","PLASMACYTOMA, EXTRAMEDULLARY","","C902",1995-01-01,2012-03-31,10,3,7
"C909","C909","Fake lookup for C909","C909",,,-1,3,
"C91","LEUKAEMIA","","C91",1995-01-01,1994-12-31,40,3,7
"C910","ACUTE LYMPHOBLASTIC LEUKAEMIA","","C910",1995-01-01,2012-03-31,10,3,7
"C911","CHRONIC LYMPHOCYTIC LEUKAEMIA","","C911",1995-01-01,2012-03-31,10,3,7
"C912","SUBACUTE LYMPHOCYTIC LEUKAEMIA","","C912",1995-01-01,2012-03-31,10,3,7
"C913","PROLYMPHOCYTIC LEUKAEMIA","","C913",1995-01-01,2012-03-31,10,3,7
"C914","HAIRY-CELL LEUKAEMIA","","C914",1995-01-01,2012-03-31,10,3,7
"C915","ADULT T-CELL LEUKAEMIA","","C915",1995-01-01,2012-03-31,10,3,7
"C917","OTHER LYMPHOID LEUKAEMIA","","C917",1995-01-01,2012-03-31,10,3,7
"C919","LYMPHOID LEUKAEMIA, UNSPECIFIED","","C919",1995-01-01,2012-03-31,9,3,7
"C92","LEUKAEMIA","","C92",1995-01-01,1994-12-31,40,3,7
"C920","ACUTE MYELOID LEUKAEMIA","","C920",1995-01-01,2012-03-31,10,3,7
"C921","CHRONIC MYELOID LEUKAEMIA","","C921",1995-01-01,2012-03-31,10,3,7
"C922","SUBACUTE MYELOID LEUKAEMIA","","C922",1995-01-01,2012-03-31,10,3,7
"C923","MYELOID SARCOMA","","C923",1995-01-01,2012-03-31,10,3,7
"C924","ACUTE PROMYELOCYTIC LEUKAEMIA","","C924",1995-01-01,2012-03-31,10,3,7
"C925","ACUTE MYELOMONOCYTIC LEUKAEMIA","","C925",1995-01-01,2012-03-31,10,3,7
"C927","OTHER MYELOID LEUKAEMIA","","C927",1995-01-01,2012-03-31,10,3,7
"C929","MYELOID LEUKAEMIA, UNSPECIFIED","","C929",1995-01-01,2012-03-31,9,3,7
"C93","LEUKAEMIA","","C93",1995-01-01,1994-12-31,40,3,7
"C930","ACUTE MONOCYTIC LEUKAEMIA","","C930",1995-01-01,2012-03-31,10,3,7
"C931","CHRONIC MONOCYTIC LEUKAEMIA","","C931",1995-01-01,2012-03-31,10,3,7
"C932","SUBACUTE MONOCYTIC LEUKAEMIA","","C932",1995-01-01,2012-03-31,10,3,7
"C937","OTHER MONOCYTIC LEUKAEMIA","","C937",1995-01-01,2012-03-31,10,3,7
"C939","MONOCYTIC LEUKAEMIA, UNSPECIFIED","","C939",1995-01-01,2012-03-31,9,3,7
"C94","LEUKAEMIA","","C94",1995-01-01,1994-12-31,40,3,7
"C940","ACUTE ERYTHRAEMIA AND ERYTHROLEUKAEMIA","","C940",1995-01-01,2012-03-31,10,3,7
"C941","CHRONIC ERYTHRAEMIA","","C941",1995-01-01,2012-03-31,10,3,7
"C942","ACUTE MEGAKARYOBLASTIC LEUKAEMIA","","C942",1995-01-01,2012-03-31,10,3,7
"C943","MAST CELL LEUKAEMIA","","C943",1995-01-01,2012-03-31,10,3,7
"C944","ACUTE PANMYELOSIS","","C944",1995-01-01,2012-03-31,10,3,7
"C945","ACUTE MYELOFIBROSIS","","C945",1995-01-01,2012-03-31,10,3,7
"C947","OTHER SPECIFIED LEUKAEMIAS","","C947",1995-01-01,2012-03-31,10,3,7
"C95","LEUKAEMIA","","C95",1995-01-01,1994-12-31,40,3,7
"C950","ACUTE LEUKAEMIA OF UNSPECIFIED CELL TYPE","","C950",1995-01-01,2012-03-31,10,3,7
"C951","CHRONIC LEUKAEMIA OF UNSPECIFIED CELL TYPE","","C951",1995-01-01,2012-03-31,10,3,7
"C952","SUBACUTE LEUKAEMIA OF UNSPECIFIED CELL TYPE","","C952",1995-01-01,2012-03-31,10,3,7
"C957","OTHER LEUKAEMIA OF UNSPECIFIED CELL TYPE","","C957",1995-01-01,2012-03-31,10,3,7
"C959","LEUKAEMIA, UNSPECIFIED","","C959",1995-01-01,2012-03-31,9,3,7
"C96","HAEMATOLOGICAL MALIGNANCY","","C96",1995-01-01,1994-12-31,40,3,7
"C960","LETTERER-SIWE DISEASE","","C960",1995-01-01,2012-03-31,10,3,7
"C961","MALIGNANT HISTIOCYTOSIS","","C961",1995-01-01,2012-03-31,10,3,7
"C962","MALIGNANT MAST CELL TUMOUR","","C962",1995-01-01,2012-03-31,10,3,7
"C963","TRUE HISTIOCYTIC LYMPHOMA","","C963",1995-01-01,2012-03-31,10,3,7
"C967","OTHER SPECIFIED MALIGNANT NEOPLASMS OF LYMPHOID, HAEMATOPOIETIC ","","C967",1995-01-01,2012-03-31,10,3,7
"C969","MALIGNANT NEOPLASM OF LYMPHOID, HAEMATOPOIETIC AND RELATED TISSU","","C969",1995-01-01,2012-03-31,9,3,7
"C97","MALIGNANT NEOPLASMS OF INDEPENDENT (PRIMARY) MULTIPLE SITES","","C97",1995-01-01,2012-03-31,10,3,14
"C98","C98","Fake lookup for C98","C98",,,-1,3,
"CC6","CC6","Fake lookup for CC6","CC6",,,-1,3,
"CO2","CO2","Outdated or invalid code CO2","CO2",,,-1,3,
"D00","CARCINOMA-IN-SITU","","D00",1995-01-01,1994-12-31,40,3,
"D000","LIP, ORAL CAVITY AND PHARYNX","","D000",1995-01-01,2012-03-31,10,3,8
"D001","OESOPHAGUS","","D001",1995-01-01,2012-03-31,10,3,5
"D002","STOMACH","","D002",1995-01-01,2012-03-31,10,3,5
"D01","CARCINOMA-IN-SITU OF DIGESTIVE TRACT","","D01",1995-01-01,1994-12-31,40,3,
"D010","COLON","","D010",1995-01-01,2012-03-31,10,3,4
"D011","RECTOSIGMOID JUNCTION","","D011",1995-01-01,2012-03-31,10,3,4
"D012","RECTUM","","D012",1995-01-01,2012-03-31,10,3,4
"D013","ANUS AND ANAL CANAL","","D013",1995-01-01,2012-03-31,10,3,4
"D014","OTHER AND UNSPECIFIED PARTS OF INTESTINE","","D014",1995-01-01,2012-03-31,10,3,4
"D015","LIVER, GALLBLADDER AND BILE DUCTS","","D015",1995-01-01,2012-03-31,10,3,5
"D017","OTHER SPECIFIED DIGESTIVE ORGANS","","D017",1995-01-01,2012-03-31,10,3,5
"D019","DIGESTIVE ORGAN, UNSPECIFIED","","D019",1995-01-01,2012-03-31,9,3,5
"D02","CARCINOMA-IN-SITU","","D02",1995-01-01,1994-12-31,40,3,
"D020","LARYNX","","D020",1995-01-01,2012-03-31,10,3,8
"D021","TRACHEA","","D021",1995-01-01,2012-03-31,10,3,9
"D022","BRONCHUS AND LUNG","","D022",1995-01-01,2012-03-31,10,3,9
"D023","OTHER PARTS OF RESPIRATORY SYSTEM","","D023",1995-01-01,2012-03-31,10,3,9
"D024","RESPIRATORY SYSTEM, UNSPECIFIED","","D024",1995-01-01,2012-03-31,10,3,9
"D03","MELANOMA-IN-SITU","","D03",1995-01-01,1994-12-31,40,3,
"D030","MELANOMA IN SITU OF LIP","","D030",1995-01-01,2012-03-31,10,3,13
"D031","MELANOMA IN SITU OF EYELID, INCLUDING CANTHUS","","D031",1995-01-01,2012-03-31,10,3,13
"D032","MELANOMA IN SITU OF EAR AND EXTERNAL AURICULAR CANAL","","D032",1995-01-01,2012-03-31,10,3,13
"D033","MELANOMA IN SITU OF OTHER AND UNSPECIFIED PARTS OF FACE","","D033",1995-01-01,2012-03-31,10,3,13
"D034","MELANOMA IN SITU OF SCALP AND NECK","","D034",1995-01-01,2012-03-31,10,3,13
"D035","MELANOMA IN SITU OF TRUNK","","D035",1995-01-01,2012-03-31,10,3,13
"D036","MELANOMA IN SITU OF UPPER LIMB, INCLUDING SHOULDER","","D036",1995-01-01,2012-03-31,10,3,13
"D037","MELANOMA IN SITU OF LOWER LIMB, INCLUDING HIP","","D037",1995-01-01,2012-03-31,10,3,13
"D038","MELANOMA IN SITU OF OTHER SITES","","D038",1995-01-01,2012-03-31,10,3,13
"D039","MELANOMA IN SITU, UNSPECIFIED","","D039",1995-01-01,2012-03-31,9,3,13
"D04","CARCINOMA-IN-SITU OF SKIN","","D04",1995-01-01,1994-12-31,40,3,
"D040","SKIN OF LIP","","D040",1995-01-01,2012-03-31,10,3,13
"D041","SKIN OF EYELID, INCLUDING CANTHUS","","D041",1995-01-01,2012-03-31,10,3,13
"D042","SKIN OF EAR AND EXTERNAL AURICULAR CANAL","","D042",1995-01-01,2012-03-31,10,3,13
"D043","SKIN OF OTHER AND UNSPECIFIED PARTS OF FACE","","D043",1995-01-01,2012-03-31,10,3,13
"D044","SKIN OF SCALP AND NECK","","D044",1995-01-01,2012-03-31,10,3,13
"D045","SKIN OF TRUNK","","D045",1995-01-01,2012-03-31,10,3,13
"D046","SKIN OF UPPER LIMB, INCLUDING SHOULDER","","D046",1995-01-01,2012-03-31,10,3,13
"D047","SKIN OF LOWER LIMB, INCLUDING HIP","","D047",1995-01-01,2012-03-31,10,3,13
"D048","SKIN OF OTHER SITES","","D048",1995-01-01,2012-03-31,10,3,13
"D049","SKIN, UNSPECIFIED","","D049",1995-01-01,2012-03-31,9,3,13
"D05","CARCINOMA-IN-SITU OF BREAST","","D05",1995-01-01,1994-12-31,40,3,2
"D050","LOBULAR CARCINOMA IN SITU","","D050",1995-01-01,2012-03-31,10,3,2
"D051","INTRADUCTAL CARCINOMA IN SITU","","D051",1995-01-01,2012-03-31,10,3,2
"D057","OTHER CARCINOMA IN SITU OF BREAST","","D057",1995-01-01,2012-03-31,10,3,2
"D059","CARCINOMA IN SITU OF BREAST, UNSPECIFIED","","D059",1995-01-01,2012-03-31,9,3,2
"D06","CARCINOMA-IN-SITU OF CERVIX UTERI","","D06",1995-01-01,1994-12-31,40,3,6
"D060","ENDOCERVIX","","D060",1995-01-01,2012-03-31,10,3,6
"D061","EXOCERVIX","","D061",1995-01-01,2012-03-31,10,3,6
"D067","OTHER PARTS OF CERVIX","","D067",1995-01-01,2012-03-31,10,3,6
"D069","CERVIX, UNSPECIFIED","","D069",1995-01-01,2012-03-31,9,3,6
"D07","CARCINOMA-IN-SITU OF GENITAL ORGANS","","D07",1995-01-01,1994-12-31,40,3,
"D070","ENDOMETRIUM","","D070",1995-01-01,2012-03-31,10,3,6
"D071","VULVA","","D071",1995-01-01,2012-03-31,10,3,6
"D072","VAGINA","","D072",1995-01-01,2012-03-31,10,3,6
"D073","OTHER AND UNSPECIFIED FEMALE GENITAL ORGANS","","D073",1995-01-01,2012-03-31,10,3,6
"D074","PENIS","","D074",1995-01-01,2012-03-31,10,3,12
"D075","PROSTATE","","D075",1995-01-01,2012-03-31,10,3,12
"D076","OTHER AND UNSPECIFIED MALE GENITAL ORGANS","","D076",1995-01-01,2012-03-31,10,3,12
"D08","D08","Outdated or invalid code D08","D08",,,-1,3,
"D081","D081","Outdated or invalid code D081","D081",,,-1,3,
"D09","CARCINOMA-IN-SITU","","D09",1995-01-01,1994-12-31,40,3,
"D090","BLADDER","","D090",1995-01-01,2012-03-31,10,3,12
"D091","OTHER AND UNSPECIFIED URINARY ORGANS","","D091",1995-01-01,2012-03-31,10,3,12
"D092","EYE","","D092",1995-01-01,2012-03-31,10,3,1
"D093","THYROID AND OTHER ENDOCRINE GLANDS","","D093",1995-01-01,2012-03-31,10,3,8
"D097","CARCINOMA IN SITU OF OTHER SPECIFIED SITES","","D097",1995-01-01,2012-03-31,10,3,13
"D099","CARCINOMA IN SITU, UNSPECIFIED","","D099",1995-01-01,2012-03-31,9,3,13
"D10","","","D10",1995-01-01,1994-12-31,40,3,
"D100","","","D100",1995-01-01,2012-03-31,10,3,
"D101","","","D101",1995-01-01,2012-03-31,10,3,
"D102","","","D102",1995-01-01,2012-03-31,10,3,
"D103","","","D103",1995-01-01,2012-03-31,10,3,
"D104","","","D104",1995-01-01,2012-03-31,10,3,
"D105","","","D105",1995-01-01,2012-03-31,10,3,
"D106","","","D106",1995-01-01,2012-03-31,10,3,
"D107","","","D107",1995-01-01,2012-03-31,10,3,
"D109","","","D109",1995-01-01,2012-03-31,9,3,
"D11","","","D11",1995-01-01,1994-12-31,40,3,
"D110","PAROTID GLAND","","D110",1995-01-01,2012-03-31,10,3,
"D117","","","D117",1995-01-01,2012-03-31,10,3,
"D119","","","D119",1995-01-01,2012-03-31,9,3,
"D12","","","D12",1995-01-01,1994-12-31,40,3,
"D120","","","D120",1995-01-01,2012-03-31,10,3,
"D121","","","D121",1995-01-01,2012-03-31,10,3,
"D122","","","D122",1995-01-01,2012-03-31,10,3,
"D123","","","D123",1995-01-01,2012-03-31,10,3,
"D124","","","D124",1995-01-01,2012-03-31,10,3,
"D125","","","D125",1995-01-01,2012-03-31,10,3,
"D126","","","D126",1995-01-01,2012-03-31,10,3,
"D127","","","D127",1995-01-01,2012-03-31,10,3,
"D128","","","D128",1995-01-01,2012-03-31,10,3,
"D129","","","D129",1995-01-01,2012-03-31,9,3,
"D13","","","D13",1995-01-01,1994-12-31,40,3,
"D130","","","D130",1995-01-01,2012-03-31,10,3,
"D131","","","D131",1995-01-01,2012-03-31,10,3,
"D132","","","D132",1995-01-01,2012-03-31,10,3,
"D133","","","D133",1995-01-01,2012-03-31,10,3,
"D134","","","D134",1995-01-01,2012-03-31,10,3,
"D135","","","D135",1995-01-01,2012-03-31,10,3,
"D136","","","D136",1995-01-01,2012-03-31,10,3,
"D137","","","D137",1995-01-01,2012-03-31,10,3,
"D139","","","D139",1995-01-01,2012-03-31,9,3,
"D14","","","D14",1995-01-01,1994-12-31,40,3,
"D140","","","D140",1995-01-01,2012-03-31,10,3,
"D141","","","D141",1995-01-01,2012-03-31,10,3,
"D142","","","D142",1995-01-01,2012-03-31,10,3,
"D143","","","D143",1995-01-01,2012-03-31,10,3,
"D144","","","D144",1995-01-01,2012-03-31,10,3,
"D15","","","D15",1995-01-01,1994-12-31,40,3,
"D150","","","D150",1995-01-01,2012-03-31,10,3,
"D151","","","D151",1995-01-01,2012-03-31,10,3,
"D152","","","D152",1995-01-01,2012-03-31,10,3,
"D157","","","D157",1995-01-01,2012-03-31,10,3,
"D159","","","D159",1995-01-01,2012-03-31,9,3,
"D16","","","D16",1995-01-01,1994-12-31,40,3,
"D160","","","D160",1995-01-01,2012-03-31,10,3,
"D161","","","D161",1995-01-01,2012-03-31,10,3,
"D162","","","D162",1995-01-01,2012-03-31,10,3,
"D163","","","D163",1995-01-01,2012-03-31,10,3,
"D164","","","D164",1995-01-01,2012-03-31,10,3,
"D165","","","D165",1995-01-01,2012-03-31,10,3,
"D166","","","D166",1995-01-01,2012-03-31,10,3,
"D167","","","D167",1995-01-01,2012-03-31,10,3,
"D168","","","D168",1995-01-01,2012-03-31,10,3,
"D169","","","D169",1995-01-01,2012-03-31,9,3,
"D17","","","D17",1995-01-01,1994-12-31,40,3,
"D170","","","D170",1995-01-01,2012-03-31,10,3,
"D171","","","D171",1995-01-01,2012-03-31,10,3,
"D172","","","D172",1995-01-01,2012-03-31,10,3,
"D173","","","D173",1995-01-01,2012-03-31,10,3,
"D174","","","D174",1995-01-01,2012-03-31,10,3,
"D175","","","D175",1995-01-01,2012-03-31,10,3,
"D176","","","D176",1995-01-01,2012-03-31,10,3,
"D177","","","D177",1995-01-01,2012-03-31,10,3,
"D179","","","D179",1995-01-01,2012-03-31,9,3,
"D18","","","D18",1995-01-01,1994-12-31,40,3,
"D180","","","D180",1995-01-01,2012-03-31,10,3,
"D181","","","D181",1995-01-01,2012-03-31,10,3,
"D19","","","D19",1995-01-01,1994-12-31,40,3,
"D190","","","D190",1995-01-01,2012-03-31,10,3,
"D191","","","D191",1995-01-01,2012-03-31,10,3,
"D197","","","D197",1995-01-01,2012-03-31,10,3,
"D199","","","D199",1995-01-01,2012-03-31,9,3,
"D20","","","D20",1995-01-01,1994-12-31,40,3,
"D200","","","D200",1995-01-01,2012-03-31,10,3,
"D201","","","D201",1995-01-01,2012-03-31,10,3,
"D21","","","D21",1995-01-01,1994-12-31,40,3,
"D210","","","D210",1995-01-01,2012-03-31,10,3,
"D211","","","D211",1995-01-01,2012-03-31,10,3,
"D212","","","D212",1995-01-01,2012-03-31,10,3,
"D213","","","D213",1995-01-01,2012-03-31,10,3,
"D214","","","D214",1995-01-01,2012-03-31,10,3,
"D215","","","D215",1995-01-01,2012-03-31,10,3,
"D216","","","D216",1995-01-01,2012-03-31,10,3,
"D219","","","D219",1995-01-01,2012-03-31,9,3,
"D22","","","D22",1995-01-01,1994-12-31,40,3,
"D220","","","D220",1995-01-01,2012-03-31,10,3,
"D221","","","D221",1995-01-01,2012-03-31,10,3,
"D222","","","D222",1995-01-01,2012-03-31,10,3,
"D223","","","D223",1995-01-01,2012-03-31,10,3,
"D224","","","D224",1995-01-01,2012-03-31,10,3,
"D225","","","D225",1995-01-01,2012-03-31,10,3,
"D226","","","D226",1995-01-01,2012-03-31,10,3,
"D227","","","D227",1995-01-01,2012-03-31,10,3,
"D229","","","D229",1995-01-01,2012-03-31,9,3,
"D23","","","D23",1995-01-01,1994-12-31,40,3,
"D230","","","D230",1995-01-01,2012-03-31,10,3,
"D231","","","D231",1995-01-01,2012-03-31,10,3,
"D232","","","D232",1995-01-01,2012-03-31,10,3,
"D233","","","D233",1995-01-01,2012-03-31,10,3,
"D234","","","D234",1995-01-01,2012-03-31,10,3,
"D235","","","D235",1995-01-01,2012-03-31,10,3,
"D236","","","D236",1995-01-01,2012-03-31,10,3,
"D237","","","D237",1995-01-01,2012-03-31,10,3,
"D239","","","D239",1995-01-01,2012-03-31,9,3,
"D24","","","D24",1995-01-01,2012-03-31,10,3,
"D25","","","D25",1995-01-01,1994-12-31,40,3,
"D250","","","D250",1995-01-01,2012-03-31,10,3,
"D251","","","D251",1995-01-01,2012-03-31,10,3,
"D252","","","D252",1995-01-01,2012-03-31,10,3,
"D259","","","D259",1995-01-01,2012-03-31,9,3,
"D26","","","D26",1995-01-01,1994-12-31,40,3,
"D260","","","D260",1995-01-01,2012-03-31,10,3,
"D261","","","D261",1995-01-01,2012-03-31,10,3,
"D267","","","D267",1995-01-01,2012-03-31,10,3,
"D269","","","D269",1995-01-01,2012-03-31,9,3,
"D27","","","D27",1995-01-01,2012-03-31,10,3,
"D28","","","D28",1995-01-01,1994-12-31,40,3,
"D280","","","D280",1995-01-01,2012-03-31,10,3,
"D281","","","D281",1995-01-01,2012-03-31,10,3,
"D282","","","D282",1995-01-01,2012-03-31,10,3,
"D287","","","D287",1995-01-01,2012-03-31,10,3,
"D289","","","D289",1995-01-01,2012-03-31,9,3,
"D29","","","D29",1995-01-01,1994-12-31,40,3,
"D290","","","D290",1995-01-01,2012-03-31,10,3,
"D291","","","D291",1995-01-01,2012-03-31,10,3,
"D292","","","D292",1995-01-01,2012-03-31,10,3,
"D293","","","D293",1995-01-01,2012-03-31,10,3,
"D294","","","D294",1995-01-01,2012-03-31,10,3,
"D297","","","D297",1995-01-01,2012-03-31,10,3,
"D299","","","D299",1995-01-01,2012-03-31,9,3,
"D30","","","D30",1995-01-01,1994-12-31,40,3,
"D300","KIDNEY","","D300",1995-01-01,2012-03-31,10,3,
"D301","","","D301",1995-01-01,2012-03-31,10,3,
"D302","","","D302",1995-01-01,2012-03-31,10,3,
"D303","BLADDER","","D303",1995-01-01,2012-03-31,10,3,
"D304","","","D304",1995-01-01,2012-03-31,10,3,
"D307","","","D307",1995-01-01,2012-03-31,10,3,
"D309","","","D309",1995-01-01,2012-03-31,9,3,
"D31","","","D31",1995-01-01,1994-12-31,40,3,
"D310","","","D310",1995-01-01,2012-03-31,10,3,
"D311","","","D311",1995-01-01,2012-03-31,10,3,
"D312","","","D312",1995-01-01,2012-03-31,10,3,
"D313","","","D313",1995-01-01,2012-03-31,10,3,
"D314","","","D314",1995-01-01,2012-03-31,10,3,
"D315","","","D315",1995-01-01,2012-03-31,10,3,
"D316","","","D316",1995-01-01,2012-03-31,10,3,
"D319","","","D319",1995-01-01,2012-03-31,9,3,
"D32","BENIGN NEOPLASM OF MENINGES","","D32",1995-01-01,1994-12-31,40,3,
"D320","CEREBRAL MENINGES","","D320",1995-01-01,2012-03-31,10,3,1
"D321","SPINAL MENINGES","","D321",1995-01-01,2012-03-31,10,3,1
"D329","MENINGES, UNSPECIFIED","","D329",1995-01-01,2012-03-31,9,3,1
"D33","BENIGN NEOPLASM OF BRAIN","","D33",1995-01-01,1994-12-31,40,3,1
"D330","BRAIN, SUPRATENTORIAL","","D330",1995-01-01,2012-03-31,10,3,1
"D331","BRAIN, INFRATENTORIAL","","D331",1995-01-01,2012-03-31,10,3,1
"D332","BRAIN, UNSPECIFIED","","D332",1995-01-01,2012-03-31,10,3,1
"D333","CRANIAL NERVES","","D333",1995-01-01,2012-03-31,10,3,1
"D334","SPINAL CORD","","D334",1995-01-01,2012-03-31,10,3,1
"D337","OTHER SPECIFIED PARTS OF CENTRAL NERVOUS SYSTEM","","D337",1995-01-01,2012-03-31,10,3,1
"D339","CENTRAL NERVOUS SYSTEM, UNSPECIFIED","","D339",1995-01-01,2012-03-31,9,3,1
"D34","","","D34",1995-01-01,2012-03-31,10,3,
"D35","","","D35",1995-01-01,1994-12-31,40,3,
"D350","","","D350",1995-01-01,2012-03-31,10,3,
"D351","","","D351",1995-01-01,2012-03-31,10,3,
"D352","PITUITARY GLAND","","D352",1995-01-01,2012-03-31,10,3,3
"D353","CRANIOPHARYNGEAL DUCT","","D353",1995-01-01,2012-03-31,10,3,3
"D354","PINEAL GLAND","","D354",1995-01-01,2012-03-31,10,3,3
"D355","","","D355",1995-01-01,2012-03-31,10,3,
"D356","","","D356",1995-01-01,2012-03-31,10,3,
"D357","","","D357",1995-01-01,2012-03-31,10,3,
"D358","","","D358",1995-01-01,2012-03-31,10,3,
"D359","","","D359",1995-01-01,2012-03-31,9,3,
"D36","","","D36",1995-01-01,1994-12-31,40,3,
"D360","","","D360",1995-01-01,2012-03-31,10,3,
"D361","","","D361",1995-01-01,2012-03-31,10,3,
"D367","","","D367",1995-01-01,2012-03-31,10,3,
"D369","","","D369",1995-01-01,2012-03-31,9,3,
"D37","NEOPLASM OF UNCERTAIN BEHAVIOUR","","D37",1995-01-01,1994-12-31,40,3,
"D370","LIP, ORAL CAVITY AND PHARYNX","","D370",1995-01-01,2012-03-31,10,3,8
"D371","STOMACH","","D371",1995-01-01,2012-03-31,10,3,5
"D372","SMALL INTESTINE","","D372",1995-01-01,2012-03-31,10,3,5
"D373","APPENDIX","","D373",1995-01-01,2012-03-31,10,3,4
"D374","COLON","","D374",1995-01-01,2012-03-31,10,3,4
"D375","RECTUM","","D375",1995-01-01,2012-03-31,10,3,4
"D376","LIVER, GALLBLADDER AND BILE DUCTS","","D376",1995-01-01,2012-03-31,10,3,5
"D377","OTHER DIGESTIVE ORGANS","","D377",1995-01-01,2012-03-31,10,3,13
"D379","DIGESTIVE ORGAN, UNSPECIFIED","","D379",1995-01-01,2012-03-31,9,3,13
"D38","NEOPLASM OF UNCERTAIN BEHAVIOUR","","D38",1995-01-01,1994-12-31,40,3,
"D380","LARYNX","","D380",1995-01-01,2012-03-31,10,3,8
"D381","TRACHEA, BRONCHUS AND LUNG","","D381",1995-01-01,2012-03-31,10,3,9
"D382","PLEURA","","D382",1995-01-01,2012-03-31,10,3,9
"D383","MEDIASTINUM","","D383",1995-01-01,2012-03-31,10,3,9
"D384","THYMUS","","D384",1995-01-01,2012-03-31,10,3,9
"D385","OTHER RESPIRATORY ORGANS","","D385",1995-01-01,2012-03-31,10,3,9
"D386","RESPIRATORY ORGAN, UNSPECIFIED","","D386",1995-01-01,2012-03-31,10,3,9
"D389","D389","Outdated or invalid code D389","D389",,,-1,3,
"D39","NEOPLASM OF UNCERTAIN BEHAVIOUR","","D39",1995-01-01,1994-12-31,40,3,6
"D390","UTERUS","","D390",1995-01-01,2012-03-31,10,3,6
"D391","OVARY","","D391",1995-01-01,2012-03-31,10,3,6
"D392","PLACENTA","","D392",1995-01-01,2012-03-31,10,3,6
"D397","OTHER FEMALE GENITAL ORGANS","","D397",1995-01-01,2012-03-31,10,3,6
"D399","FEMALE GENITAL ORGAN, UNSPECIFIED","","D399",1995-01-01,2012-03-31,9,3,6
"D40","NEOPLASM OF UNCERTAIN BEHAVIOUR","","D40",1995-01-01,1994-12-31,40,3,12
"D400","PROSTATE","","D400",1995-01-01,2012-03-31,10,3,12
"D401","TESTIS","","D401",1995-01-01,2012-03-31,10,3,12
"D407","OTHER MALE GENITAL ORGANS","","D407",1995-01-01,2012-03-31,10,3,12
"D409","MALE GENITAL ORGAN, UNSPECIFIED","","D409",1995-01-01,2012-03-31,9,3,12
"D41","NEOPLASM OF UNCERTAIN BEHAVIOUR OF URINARY ORGANS","","D41",1995-01-01,1994-12-31,40,3,12
"D410","KIDNEY","","D410",1995-01-01,2012-03-31,10,3,12
"D411","RENAL PELVIS","","D411",1995-01-01,2012-03-31,10,3,12
"D412","URETER","","D412",1995-01-01,2012-03-31,10,3,12
"D413","URETHRA","","D413",1995-01-01,2012-03-31,10,3,12
"D414","BLADDER","","D414",1995-01-01,2012-03-31,10,3,12
"D417","OTHER URINARY ORGANS","","D417",1995-01-01,2012-03-31,10,3,12
"D419","URINARY ORGAN, UNSPECIFIED","","D419",1995-01-01,2012-03-31,9,3,12
"D42","NEOPLASM OF UNCERTAIN BEHAVIOUR","","D42",1995-01-01,1994-12-31,40,3,1
"D420","CEREBRAL MENINGES","","D420",1995-01-01,2012-03-31,10,3,1
"D421","SPINAL MENINGES","","D421",1995-01-01,2012-03-31,10,3,1
"D429","MENINGES, UNSPECIFIED","","D429",1995-01-01,2012-03-31,9,3,1
"D43","NEOPLASM OF UNCERTAIN BEHAVIOUR","","D43",1995-01-01,1994-12-31,40,3,1
"D430","BRAIN, SUPRATENTORIAL","","D430",1995-01-01,2012-03-31,10,3,1
"D431","BRAIN, INFRATENTORIAL","","D431",1995-01-01,2012-03-31,10,3,1
"D432","BRAIN, UNSPECIFIED","","D432",1995-01-01,2012-03-31,10,3,1
"D433","CRANIAL NERVES","","D433",1995-01-01,2012-03-31,10,3,1
"D434","SPINAL CORD","","D434",1995-01-01,2012-03-31,10,3,1
"D436","D436","Fake lookup for D436","D436",,,-1,3,
"D437","OTHER PARTS OF CENTRAL NERVOUS SYSTEM","","D437",1995-01-01,2012-03-31,10,3,1
"D439","CENTRAL NERVOUS SYSTEM, UNSPECIFIED","","D439",1995-01-01,2012-03-31,9,3,1
"D44","NEOPLASM OF UNCERTAIN BEHAVIOUR","","D44",1995-01-01,1994-12-31,40,3,3
"D440","THYROID GLAND","","D440",1995-01-01,2012-03-31,10,3,8
"D441","ADRENAL GLAND","","D441",1995-01-01,2012-03-31,10,3,3
"D442","PARATHYROID GLAND","","D442",1995-01-01,2012-03-31,10,3,3
"D443","PITUITARY GLAND","","D443",1995-01-01,2012-03-31,10,3,3
"D444","CRANIOPHARYNGEAL DUCT","","D444",1995-01-01,2012-03-31,10,3,3
"D445","PINEAL GLAND","","D445",1995-01-01,2012-03-31,10,3,3
"D446","CAROTID BODY","","D446",1995-01-01,2012-03-31,10,3,3
"D447","AORTIC BODY OTHER PARAGANGLIA AND GLOMUS TUMOUR","","D447",1995-01-01,2012-03-31,10,3,3
"D448","PLURIGLANDULAR INVOLVEMENT","","D448",1995-01-01,2012-03-31,10,3,3
"D449","ENDOCRINE GLAND, UNSPECIFIED","","D449",1995-01-01,2012-03-31,9,3,3
"D45","POLYCYTHAEMIA VERA","","D45",1995-01-01,2012-03-31,10,3,7
"D45 ","D45 ","Outdated or invalid code D45 ","D45 ",,,-1,3,
"D459","D459","Fake lookup for D459","D459",,,-1,3,
"D46","MYELODYSPLASTIC SYNDROME","","D46",1995-01-01,1994-12-31,40,3,7
"D460","REFRACTORY ANAEMIA WITHOUT SIDEROBLASTS, SO STATED","","D460",1995-01-01,2012-03-31,10,3,7
"D461","REFRACTORY ANAEMIA WITH SIDEROBLASTS","","D461",1995-01-01,2012-03-31,10,3,7
"D462","REFRACTORY ANAEMIA WITH EXCESS OF BLASTS","","D462",1995-01-01,2012-03-31,10,3,7
"D463","REFRACTORY ANAEMIA WITH EXCESS OF BLASTS WITH TRANSFORMATION","","D463",1995-01-01,2012-03-31,10,3,7
"D464","REFRACTORY ANAEMIA, UNSPECIFIED","","D464",1995-01-01,2012-03-31,10,3,7
"D467","OTHER MYELODYSPLASTIC SYNDROMES","","D467",1995-01-01,2012-03-31,10,3,7
"D469","MYELODYSPLASTIC SYNDROME, UNSPECIFIED","","D469",1995-01-01,2012-03-31,9,3,7
"D47","HAEMATOLOGICAL MALIGNANCY OF UNCERTAIN BEHAVIOUR","","D47",1995-01-01,1994-12-31,40,3,7
"D470","HISTIOCYTIC AND MAST CELL TUMOURS OF UNCERTAIN AND UNKNOWN BEHAV","","D470",1995-01-01,2012-03-31,10,3,7
"D471","CHRONIC MYELOPROLIFERATIVE DISEASE","","D471",1995-01-01,2012-03-31,10,3,7
"D472","MONOCLONAL GAMMOPATHY","","D472",1995-01-01,2012-03-31,10,3,7
"D473","ESSENTIAL (HAEMORRHAGIC) THROMBOCYTHAEMIA","","D473",1995-01-01,2012-03-31,10,3,7
"D477","OTHER SPECIFIED NEOPLASMS OF UNCERTAIN OR UNKNOWN BEHAVIOUR OF L","","D477",1995-01-01,2012-03-31,10,3,7
"D479","NEOPLASM OF UNCERTAIN OR UNKNOWN BEHAVIOUR OF LYMPHOID, HAEMATOP","","D479",1995-01-01,2012-03-31,9,3,7
"D48","NEOPLASM IF UNCERTAIN BEHAVIOUR","","D48",1995-01-01,1994-12-31,40,3,
"D480","BONE AND ARTICULAR CARTILAGE","","D480",1995-01-01,2012-03-31,10,3,10
"D481","CONNECTIVE AND OTHER SOFT TISSUE","","D481",1995-01-01,2012-03-31,10,3,10
"D482","PERIPHERAL NERVES AND AUTONOMIC NERVOUS SYSTEM","","D482",1995-01-01,2012-03-31,10,3,10
"D483","RETROPERITONEUM","","D483",1995-01-01,2012-03-31,10,3,10
"D484","PERITONEUM","","D484",1995-01-01,2012-03-31,10,3,10
"D485","SKIN","","D485",1995-01-01,2012-03-31,10,3,13
"D486","BREAST","","D486",1995-01-01,2012-03-31,10,3,2
"D487","OTHER SPECIFIED SITES","","D487",1995-01-01,2012-03-31,10,3,13
"D489","NEOPLASM OF UNCERTAIN OR UNKNOWN BEHAVIOUR, UNSPECIFIED","","D489",1995-01-01,2012-03-31,9,3,13
"D49","D49","Fake lookup for D49","D49",,,-1,3,
"D499","D499","Fake lookup for D499","D499",,,-1,3,
"D50","IRON DEFICIENCY ANAEMIA","","D50",1995-01-01,1994-12-31,40,3,
"D51","D51","Fake lookup for D51","D51",,,-1,3,
"D52","D52","Outdated or invalid code D52","D52",,,-1,3,
"D53","D53","Fake lookup for D53","D53",,,-1,3,
"D56","D56","Outdated or invalid code D56","D56",,,-1,3,
"D57","SICKLE CELL ANAEMIA","","D57",1995-01-01,1994-12-31,40,3,
"D58","D58","Fake lookup for D58","D58",,,-1,3,
"D59","D59","Fake lookup for D59","D59",,,-1,3,
"D60","D60","Outdated or invalid code D60","D60",,,-1,3,
"D61","D61","Fake lookup for D61","D61",,,-1,3,
"D64","ANAEMIA","","D64",1995-01-01,1994-12-31,40,3,
"D65","D65","Fake lookup for D65","D65",,,-1,3,
"D66","D66","Fake lookup for D66","D66",,,-1,3,
"D67","D67","Fake lookup for D67","D67",,,-1,3,
"D68","D68","Fake lookup for D68","D68",,,-1,3,
"D69","THROMBOCYTOPENIA","","D69",1995-01-01,1994-12-31,40,3,
"D70","D70","Fake lookup for D70","D70",,,-1,3,
"D72","D72","Outdated or invalid code D72","D72",,,-1,3,
"D73","D73","Fake lookup for D73","D73",,,-1,3,
"D75","D75","Fake lookup for D75","D75",,,-1,3,
"D76","D76","Fake lookup for D76","D76",,,-1,3,
"D760","LANGERHANS' CELL HISTIOCYTOSIS, NOT ELSEWHERE CLASSIFIED","Thames outdated or invalid code D760","D760",,,-1,3,
"D80","D80","Outdated or invalid code D80","D80",,,-1,3,
"D81","D81","Outdated or invalid code D81","D81",,,-1,3,
"D82","D82","Outdated or invalid code D82","D82",,,-1,3,
"D83","D83","Outdated or invalid code D83","D83",,,-1,3,
"D84","D84","Fake lookup for D84","D84",,,-1,3,
"D86","SARCOIDOSIS","","D86",1995-01-01,1994-12-31,40,3,
"D89","D89","Fake lookup for D89","D89",,,-1,3,
"DO47","DO47","Outdated or invalid code DO47","DO47",,,-1,3,
"E859","AMYLOIDOSIS, UNSPECIFIED","Thames outdated or invalid code E859","E859",,,-1,3,
"I50","HEART FAILURE","","I50",1995-01-01,2012-03-31,20,3,
"O01","HYDATIDIFORM MOLE","","O01",1995-01-01,2012-03-31,20,3,
"O01 ","O01 ","Outdated or invalid code O01 ","O01 ",,,-1,3,
"O010","CLASSICAL HYDATIDIFORM MOLE","","O010",1995-01-01,2012-03-31,30,3,
"O011","INCOMPLETE AND PARTIAL HYDATIDIFORM MOLE","","O011",1995-01-01,2012-03-31,20,3,
"O019","HYDATIDIFORM MOLE, UNSPECIFIED","","O019",1995-01-01,2012-03-31,20,3,
"O10","O10","Outdated or invalid code O10","O10",,,-1,3,
"O14","O14","Fake lookup for O14","O14",,,-1,3,
"O24","O24","Outdated or invalid code O24","O24",,,-1,3,
"O38","O38","Fake lookup for O38","O38",,,-1,3,
"O67","O67","Outdated or invalid code O67","O67",,,-1,3,
"O71","O71","Outdated or invalid code O71","O71",,,-1,3,
"O90","O90","Outdated or invalid code O90","O90",,,-1,3,
"O91","O91","Outdated or invalid code O91","O91",,,-1,3,
"O94","O94","Outdated or invalid code O94","O94",,,-1,3,
"Q850","NEUROFIBROMATOSIS (NONMALIGNANT)","Outdated or invalid code Q850","Q850",,,-1,3,
