ZICDID,SHORTDESC,DESCRIPTION,EXPORTID,STARTDATE,ENDDATE,SORT,ZICDCLASSIFICATIONID,ZICDGROUPID
"A41","A41","Fake lookup for A41","A41",null,null,-1,3,null
"C","C","Outdated or invalid code C","C",null,null,-1,3,null
"C0","C0","Fake lookup for C0","C0",null,null,-1,3,null
"C00","MALIGNANT NEOPLASM OF LIP",null,"C00","1995-01-01","1994-12-31",40,3,8
"C000","EXTERNAL UPPER LIP",null,"C000","1995-01-01","2012-03-31",10,3,8
"C001","EXTERNAL LOWER LIP",null,"C001","1995-01-01","2012-03-31",10,3,8
"C002","EXTERNAL LIP, UNSPECIFIED",null,"C002","1995-01-01","2012-03-31",10,3,8
"C003","UPPER LIP, INNER ASPECT",null,"C003","1995-01-01","2012-03-31",10,3,8
"C004","LOWER LIP, INNER ASPECT",null,"C004","1995-01-01","2012-03-31",10,3,8
"C005","LIP, UNSPECIFIED, INNER ASPECT",null,"C005","1995-01-01","2012-03-31",10,3,8
"C006","COMMISSURE OF LIP",null,"C006","1995-01-01","2012-03-31",10,3,8
"C008","OVERLAPPING LESION OF LIP",null,"C008","1995-01-01","2012-03-31",10,3,8
"C009","LIP, UNSPECIFIED",null,"C009","1995-01-01","2012-03-31",9,3,8
"C01","MALIGNANT NEOPLASM OF BASE OF TONGUE",null,"C01","1995-01-01","2012-03-31",10,3,8
"C02","MALIGNANT NEOPLASM OF TONGUE",null,"C02","1995-01-01","1994-12-31",40,3,8
"C020","DORSAL SURFACE OF TONGUE",null,"C020","1995-01-01","2012-03-31",10,3,8
"C021","BORDER OF TONGUE",null,"C021","1995-01-01","2012-03-31",10,3,8
"C022","VENTRAL SURFACE OF TONGUE",null,"C022","1995-01-01","2012-03-31",10,3,8
"C023","ANTERIOR TWO-THIRDS OF TONGUE, PART UNSPECIFIED",null,"C023","1995-01-01","2012-03-31",10,3,8
"C024","LINGUAL TONSIL",null,"C024","1995-01-01","2012-03-31",10,3,8
"C028","OVERLAPPING LESION OF TONGUE",null,"C028","1995-01-01","2012-03-31",10,3,8
"C029","TONGUE, UNSPECIFIED",null,"C029","1995-01-01","2012-03-31",9,3,8
"C03","MALIGNANT NEOPLASM OF GUM",null,"C03","1995-01-01","1994-12-31",40,3,8
"C030","UPPER GUM",null,"C030","1995-01-01","2012-03-31",10,3,8
"C031","LOWER GUM",null,"C031","1995-01-01","2012-03-31",10,3,8
"C039","GUM, UNSPECIFIED",null,"C039","1995-01-01","2012-03-31",9,3,8
"C04","MALIGNANT NEOPLASM OF FLOOR OF MOUTH",null,"C04","1995-01-01","1994-12-31",40,3,8
"C040","ANTERIOR FLOOR OF MOUTH",null,"C040","1995-01-01","2012-03-31",10,3,8
"C041","LATERAL FLOOR OF MOUTH",null,"C041","1995-01-01","2012-03-31",10,3,8
"C047","C047","Fake lookup for C047","C047",null,null,-1,3,null
"C048","OVERLAPPING LESION OF FLOOR OF MOUTH",null,"C048","1995-01-01","2012-03-31",10,3,8
"C049","FLOOR OF MOUTH, UNSPECIFIED",null,"C049","1995-01-01","2012-03-31",9,3,8
"C05","MALIGNANT NEOPLASM OF PALATE",null,"C05","1995-01-01","1994-12-31",40,3,8
"C050","HARD PALATE",null,"C050","1995-01-01","2012-03-31",10,3,8
"C051","SOFT PALATE",null,"C051","1995-01-01","2012-03-31",10,3,8
"C052","UVULA",null,"C052","1995-01-01","2012-03-31",10,3,8
"C058","OVERLAPPING LESION OF PALATE",null,"C058","1995-01-01","2012-03-31",10,3,8
"C059","PALATE, UNSPECIFIED",null,"C059","1995-01-01","2012-03-31",9,3,8
"C06","MALIGNANT NEOPLASM OF MOUTH",null,"C06","1995-01-01","1994-12-31",40,3,8
"C060","CHEEK MUCOSA",null,"C060","1995-01-01","2012-03-31",10,3,8
"C061","VESTIBULE OF MOUTH",null,"C061","1995-01-01","2012-03-31",10,3,8
"C062","RETROMOLAR AREA",null,"C062","1995-01-01","2012-03-31",10,3,8
"C068","OVERLAPPING LESION OF OTHER AND UNSPECIFIED PARTS OF MOUTH",null,"C068","1995-01-01","2012-03-31",10,3,8
"C069","MOUTH, UNSPECIFIED",null,"C069","1995-01-01","2012-03-31",9,3,8
"C07","MALIGNANT NEOPLASM OF PAROTID GLAND",null,"C07","1995-01-01","2012-03-31",10,3,8
"C07 ","C07 ","Outdated or invalid code C07 ","C07 ",null,null,-1,3,null
"C08","MALIGNANT NEOPLASM OF SALIVARY GLAND",null,"C08","1995-01-01","1994-12-31",40,3,8
"C080","SUBMANDIBULAR GLAND",null,"C080","1995-01-01","2012-03-31",10,3,8
"C081","SUBLINGUAL GLAND",null,"C081","1995-01-01","2012-03-31",10,3,8
"C088","OVERLAPPING LESION OF MAJOR SALIVARY GLANDS",null,"C088","1995-01-01","2012-03-31",10,3,8
"C089","MAJOR SALIVARY GLAND, UNSPECIFIED",null,"C089","1995-01-01","2012-03-31",9,3,8
"C09","MALIGNANT NEOPLASM OF TONSIL",null,"C09","1995-01-01","1994-12-31",40,3,8
"C090","TONSILLAR FOSSA",null,"C090","1995-01-01","2012-03-31",10,3,8
"C091","TONSILLAR PILLAR (ANTERIOR)(POSTERIOR)",null,"C091","1995-01-01","2012-03-31",10,3,8
"C098","OVERLAPPING LESION OF TONSIL",null,"C098","1995-01-01","2012-03-31",10,3,8
"C099","TONSIL, UNSPECIFIED",null,"C099","1995-01-01","2012-03-31",9,3,8
"C10","MALIGNANT NEOPLASM OF OROPHARYNX",null,"C10","1995-01-01","1994-12-31",40,3,8
"C100","VALLECULA",null,"C100","1995-01-01","2012-03-31",10,3,8
"C101","ANTERIOR SURFACE OF EPIGLOTTIS",null,"C101","1995-01-01","2012-03-31",10,3,8
"C102","LATERAL WALL OF OROPHARYNX",null,"C102","1995-01-01","2012-03-31",10,3,8
"C103","POSTERIOR WALL OF OROPHARYNX",null,"C103","1995-01-01","2012-03-31",10,3,8
"C104","BRANCHIAL CLEFT",null,"C104","1995-01-01","2012-03-31",10,3,8
"C108","OVERLAPPING LESION OF OROPHARYNX",null,"C108","1995-01-01","2012-03-31",10,3,8
"C109","OROPHARYNX, UNSPECIFIED",null,"C109","1995-01-01","2012-03-31",9,3,8
"C11","MALIGNANT NEOPLASM OF NASOPHARYNX",null,"C11","1995-01-01","1994-12-31",40,3,8
"C110","SUPERIOR WALL OF NASOPHARYNX",null,"C110","1995-01-01","2012-03-31",10,3,8
"C111","POSTERIOR WALL OF NASOPHARYNX",null,"C111","1995-01-01","2012-03-31",10,3,8
"C112","LATERAL WALL OF NASOPHARYNX",null,"C112","1995-01-01","2012-03-31",10,3,8
"C113","ANTERIOR WALL OF NASOPHARYNX",null,"C113","1995-01-01","2012-03-31",10,3,8
"C118","OVERLAPPING LESION OF NASOPHARYNX",null,"C118","1995-01-01","2012-03-31",10,3,8
"C119","NASOPHARYNX, UNSPECIFIED",null,"C119","1995-01-01","2012-03-31",9,3,8
"C12","MALIGNANT NEOPLASM OF PYRIFORM SINUS",null,"C12","1995-01-01","2012-03-31",10,3,8
"C13","MALIGNANT NEOPLASM OF HYPOPHARYNX",null,"C13","1995-01-01","1994-12-31",40,3,8
"C130","POSTCRICOID REGION",null,"C130","1995-01-01","2012-03-31",10,3,8
"C131","ARYEPIGLOTTIC FOLD, HYPOPHARYNGEAL ASPECT",null,"C131","1995-01-01","2012-03-31",10,3,8
"C132","POSTERIOR WALL OF HYPOPHARYNX",null,"C132","1995-01-01","2012-03-31",10,3,8
"C138","OVERLAPPING LESION OF HYPOPHARYNX",null,"C138","1995-01-01","2012-03-31",10,3,8
"C139","HYPOPHARYNX, UNSPECIFIED",null,"C139","1995-01-01","2012-03-31",9,3,8
"C14","MALIGNANT NEOPLASM OF PHARYNX",null,"C14","1995-01-01","1994-12-31",40,3,8
"C140","PHARYNX, UNSPECIFIED",null,"C140","1995-01-01","2012-03-31",10,3,8
"C141","MALIGNANT NEOPLASM OF LARYNGOPHARYNX",null,"C141","1995-01-01",null,-1,3,null
"C142","WALDEYER""S RING",null,"C142","1995-01-01","2012-03-31",10,3,8
"C148","OVERLAPPING LESION OF LIP, ORAL CAVITY AND PHARYNX",null,"C148","1995-01-01","2012-03-31",10,3,8
"C149","C149","Fake lookup for C149","C149",null,null,-1,3,null
"C15","MALIGNANT NEOPLASM OF OESOPHAGUS",null,"C15","1995-01-01","1994-12-31",40,3,5
"C150","CERVICAL PART OF OESOPHAGUS",null,"C150","1995-01-01","2012-03-31",10,3,5
"C151","THORACIC PART OF OESOPHAGUS",null,"C151","1995-01-01","2012-03-31",10,3,5
"C152","ABDOMINAL PART OF OESOPHAGUS",null,"C152","1995-01-01","2012-03-31",10,3,5
"C153","UPPER THIRD OF OESOPHAGUS",null,"C153","1995-01-01","2012-03-31",10,3,5
"C154","MIDDLE THIRD OF OESOPHAGUS",null,"C154","1995-01-01","2012-03-31",10,3,5
"C155","LOWER THIRD OF OESOPHAGUS",null,"C155","1995-01-01","2012-03-31",10,3,5
"C158","OVERLAPPING LESION OF OESOPHAGUS",null,"C158","1995-01-01","2012-03-31",10,3,5
"C159","OESOPHAGUS, UNSPECIFIED",null,"C159","1995-01-01","2012-03-31",9,3,5
"C16","MALIGNANT NEOPLASM OF STOMACH",null,"C16","1995-01-01","1994-12-31",40,3,5
"C160","CARDIA",null,"C160","1995-01-01","2012-03-31",10,3,5
"C161","FUNDUS OF STOMACH",null,"C161","1995-01-01","2012-03-31",10,3,5
"C162","BODY OF STOMACH",null,"C162","1995-01-01","2012-03-31",10,3,5
"C163","PYLORIC ANTRUM",null,"C163","1995-01-01","2012-03-31",10,3,5
"C164","PYLORUS",null,"C164","1995-01-01","2012-03-31",10,3,5
"C165","LESSER CURVATURE OF STOMACH, UNSPECIFIED",null,"C165","1995-01-01","2012-03-31",10,3,5
"C166","GREATER CURVATURE OF STOMACH, UNSPECIFIED",null,"C166","1995-01-01","2012-03-31",10,3,5
"C168","OVERLAPPING LESION OF STOMACH",null,"C168","1995-01-01","2012-03-31",10,3,5
"C169","STOMACH, UNSPECIFIED",null,"C169","1995-01-01","2012-03-31",9,3,5
"C17","MALIGNANT NEOPLASM OF SMALL INTESTINE",null,"C17","1995-01-01","1994-12-31",40,3,4
"C170","DUODENUM",null,"C170","1995-01-01","2012-03-31",10,3,4
"C171","JEJUNUM",null,"C171","1995-01-01","2012-03-31",10,3,4
"C172","ILEUM",null,"C172","1995-01-01","2012-03-31",10,3,4
"C173","MECKEL""S DIVERTICULUM",null,"C173","1995-01-01","2012-03-31",10,3,4
"C178","OVERLAPPING LESION OF SMALL INTESTINE",null,"C178","1995-01-01","2012-03-31",10,3,4
"C179","SMALL INTESTINE, UNSPECIFIED",null,"C179","1995-01-01","2012-03-31",9,3,4
"C18","MALIGNANT NEOPLASM OF COLON",null,"C18","1995-01-01","1994-12-31",40,3,4
"C180","CAECUM",null,"C180","1995-01-01","2012-03-31",10,3,4
"C181","APPENDIX",null,"C181","1995-01-01","2012-03-31",10,3,4
"C182","ASCENDING COLON",null,"C182","1995-01-01","2012-03-31",10,3,4
"C183","HEPATIC FLEXURE",null,"C183","1995-01-01","2012-03-31",10,3,4
"C184","TRANSVERSE COLON",null,"C184","1995-01-01","2012-03-31",10,3,4
"C185","SPLENIC FLEXURE",null,"C185","1995-01-01","2012-03-31",10,3,4
"C186","DESCENDING COLON",null,"C186","1995-01-01","2012-03-31",10,3,4
"C187","SIGMOID COLON",null,"C187","1995-01-01","2012-03-31",10,3,4
"C188","OVERLAPPING LESION OF COLON",null,"C188","1995-01-01","2012-03-31",10,3,4
"C189","COLON, UNSPECIFIED",null,"C189","1995-01-01","2012-03-31",9,3,4
"C19","MALIGNANT NEOPLASM OF RECTOSIGMOID JUNCTION",null,"C19","1995-01-01","2012-03-31",10,3,4
"C19 ","C19 ","Outdated or invalid code C19 ","C19 ",null,null,-1,3,null
"C20","MALIGNANT NEOPLASM OF RECTUM",null,"C20","1995-01-01","2012-03-31",10,3,4
"C20 ","C20 ","Outdated or invalid code C20 ","C20 ",null,null,-1,3,null
"C209","C209","Fake lookup for C209","C209",null,null,-1,3,null
"C21","MALIGNANT NEOPLASM OF ANUS",null,"C21","1995-01-01","1994-12-31",40,3,4
"C210","ANUS, UNSPECIFIED",null,"C210","1995-01-01","2012-03-31",10,3,4
"C211","ANAL CANAL",null,"C211","1995-01-01","2012-03-31",10,3,4
"C212","ANUS, CLOACOGENIC ZONE",null,"C212","1995-01-01","2012-03-31",10,3,4
"C218","OVERLAPPING LESION OF RECTUM, ANUS AND ANAL CANAL",null,"C218","1995-01-01","2012-03-31",10,3,4
"C219","C219","Fake lookup for C219","C219",null,null,-1,3,null
"C22","MALIGNANT NEOPLASM OF LIVER",null,"C22","1995-01-01","1994-12-31",40,3,5
"C220","LIVER CELL CARCINOMA",null,"C220","1995-01-01","2012-03-31",10,3,5
"C221","INTRAHEPATIC BILE DUCT CARCINOMA",null,"C221","1995-01-01","2012-03-31",10,3,5
"C222","HEPATOBLASTOMA",null,"C222","1995-01-01","2012-03-31",10,3,5
"C223","ANGIOSARCOMA OF LIVER",null,"C223","1995-01-01","2012-03-31",10,3,5
"C224","OTHER SARCOMAS OF THE LIVER",null,"C224","1995-01-01","2012-03-31",10,3,5
"C227","OTHER SPECIFIED CARCINOMAS OF LIVER",null,"C227","1995-01-01","2012-03-31",10,3,5
"C229","LIVER, UNSPECIFIED",null,"C229","1995-01-01","2012-03-31",9,3,5
"C23","MALIGNANT NEOPLASM OF GALLBLADDER",null,"C23","1995-01-01","2012-03-31",10,3,5
"C23 ","C23 ","Outdated or invalid code C23 ","C23 ",null,null,-1,3,null
"C24","MALIGNANT NEOPLASM OF BILIARY TRACT",null,"C24","1995-01-01","1994-12-31",40,3,5
"C240","EXTRAHEPATIC BILE DUCT",null,"C240","1995-01-01","2012-03-31",10,3,5
"C241","AMPULLA OF VATER",null,"C241","1995-01-01","2012-03-31",10,3,5
"C248","OVERLAPPING LESION OF BILIARY TRACT",null,"C248","1995-01-01","2012-03-31",10,3,5
"C249","BILIARY TRACT, UNSPECIFIED",null,"C249","1995-01-01","2012-03-31",9,3,5
"C25","MALIGNANT NEOPLASM OF PANCREAS",null,"C25","1995-01-01","1994-12-31",40,3,5
"C250","HEAD OF PANCREAS",null,"C250","1995-01-01","2012-03-31",10,3,5
"C251","BODY OF PANCREAS",null,"C251","1995-01-01","2012-03-31",10,3,5
"C252","TAIL OF PANCREAS",null,"C252","1995-01-01","2012-03-31",10,3,5
"C253","PANCREATIC DUCT",null,"C253","1995-01-01","2012-03-31",10,3,5
"C254","ENDOCRINE PANCREAS",null,"C254","1995-01-01","2012-03-31",10,3,5
"C257","OTHER PARTS OF PANCREAS",null,"C257","1995-01-01","2012-03-31",10,3,5
"C258","OVERLAPPING LESION OF PANCREAS",null,"C258","1995-01-01","2012-03-31",10,3,5
"C259","PANCREAS, UNSPECIFIED",null,"C259","1995-01-01","2012-03-31",9,3,5
"C26","MALIGNANT NEOPLASM OF DIGESTIVE SYSTEM",null,"C26","1995-01-01","1994-12-31",40,3,4
"C260","INTESTINAL TRACT, PART UNSPECIFIED",null,"C260","1995-01-01","2012-03-31",10,3,4
"C261","SPLEEN",null,"C261","1995-01-01","2012-03-31",10,3,4
"C268","OVERLAPPING LESION OF DIGESTIVE SYSTEM",null,"C268","1995-01-01","2012-03-31",10,3,4
"C269","ILL-DEFINED SITES WITHIN THE DIGESTIVE SYSTEM",null,"C269","1995-01-01","2012-03-31",9,3,4
"C30","MALIGNANT NEOPLASM OF NASAL CAVITY / MIDDLE EAR",null,"C30","1995-01-01","1994-12-31",40,3,8
"C300","NASAL CAVITY",null,"C300","1995-01-01","2012-03-31",10,3,8
"C301","MIDDLE EAR",null,"C301","1995-01-01","2012-03-31",10,3,8
"C31","MALIGNANT NEOPLASM OF SINUS",null,"C31","1995-01-01","1994-12-31",40,3,8
"C310","MAXILLARY SINUS",null,"C310","1995-01-01","2012-03-31",10,3,8
"C311","ETHMOIDAL SINUS",null,"C311","1995-01-01","2012-03-31",10,3,8
"C312","FRONTAL SINUS",null,"C312","1995-01-01","2012-03-31",10,3,8
"C313","SPHENOIDAL SINUS",null,"C313","1995-01-01","2012-03-31",10,3,8
"C318","OVERLAPPING LESION OF ACCESSORY SINUSES",null,"C318","1995-01-01","2012-03-31",10,3,8
"C319","ACCESSORY SINUS, UNSPECIFIED",null,"C319","1995-01-01","2012-03-31",9,3,8
"C32","MALIGNANT NEOPLASM OF LARYNX",null,"C32","1995-01-01","1994-12-31",40,3,8
"C320","GLOTTIS",null,"C320","1995-01-01","2012-03-31",10,3,8
"C321","SUPRAGLOTTIS",null,"C321","1995-01-01","2012-03-31",10,3,8
"C322","SUBGLOTTIS",null,"C322","1995-01-01","2012-03-31",10,3,8
"C323","LARYNGEAL CARTILAGE",null,"C323","1995-01-01","2012-03-31",10,3,8
"C328","OVERLAPPING LESION OF LARYNX",null,"C328","1995-01-01","2012-03-31",10,3,8
"C329","LARYNX, UNSPECIFIED",null,"C329","1995-01-01","2012-03-31",9,3,8
"C33","MALIGNANT NEOPLASM OF TRACHEA",null,"C33","1995-01-01","2012-03-31",10,3,9
"C34","MALIGNANT NEOPLASM OF LUNG",null,"C34","1995-01-01","1994-12-31",40,3,9
"C340","MAIN BRONCHUS",null,"C340","1995-01-01","2012-03-31",10,3,9
"C341","UPPER LOBE, BRONCHUS OR LUNG",null,"C341","1995-01-01","2012-03-31",10,3,9
"C342","MIDDLE LOBE, BRONCHUS OR LUNG",null,"C342","1995-01-01","2012-03-31",10,3,9
"C343","LOWER LOBE, BRONCHUS OR LUNG",null,"C343","1995-01-01","2012-03-31",10,3,9
"C348","OVERLAPPING LESION OF BRONCHUS AND LUNG",null,"C348","1995-01-01","2012-03-31",10,3,9
"C349","BRONCHUS OR LUNG, UNSPECIFIED",null,"C349","1995-01-01","2012-03-31",9,3,9
"C35","C35","Outdated or invalid code C35","C35",null,null,-1,3,null
"C37","MALIGNANT NEOPLASM OF THYMUS",null,"C37","1995-01-01","2012-03-31",10,3,9
"C37 ","C37 ","Outdated or invalid code C37 ","C37 ",null,null,-1,3,null
"C38","MALIGNANT NEOPLASM OF MEDIASTINUM",null,"C38","1995-01-01","1994-12-31",40,3,9
"C380","HEART",null,"C380","1995-01-01","2012-03-31",10,3,9
"C381","ANTERIOR MEDIASTINUM",null,"C381","1995-01-01","2012-03-31",10,3,9
"C382","POSTERIOR MEDIASTINUM",null,"C382","1995-01-01","2012-03-31",10,3,9
"C383","MEDIASTINUM, PART UNSPECIFIED",null,"C383","1995-01-01","2012-03-31",10,3,9
"C384","PLEURA",null,"C384","1995-01-01","2012-03-31",10,3,9
"C388","OVERLAPPING LESION OF HEART, MEDIASTINUM AND PLEURA",null,"C388","1995-01-01","2012-03-31",10,3,9
"C389","C389","Fake lookup for C389","C389",null,null,-1,3,null
"C39","MALIGNANT NEOPLASM OF INTRATHORACIC/RESPIRATORY SYSTEM",null,"C39","1995-01-01","1994-12-31",40,3,9
"C390","UPPER RESPIRATORY TRACT, PART UNSPECIFIED",null,"C390","1995-01-01","2012-03-31",10,3,9
"C398","OVERLAPPING LESION OF RESPIRATORY AND INTRATHORACIC ORGANS",null,"C398","1995-01-01","2012-03-31",10,3,9
"C399","ILL-DEFINED SITES WITHIN THE RESPIRATORY SYSTEM",null,"C399","1995-01-01","2012-03-31",9,3,9
"C40","MALIGNANT NEOPLASM OF BONE",null,"C40","1995-01-01","1994-12-31",40,3,10
"C400","SCAPULA AND LONG BONES OF UPPER LIMB",null,"C400","1995-01-01","2012-03-31",10,3,10
"C401","SHORT BONES OF UPPER LIMB",null,"C401","1995-01-01","2012-03-31",10,3,10
"C402","LONG BONES OF LOWER LIMB",null,"C402","1995-01-01","2012-03-31",10,3,10
"C403","SHORT BONES OF LOWER LIMB",null,"C403","1995-01-01","2012-03-31",10,3,10
"C408","OVERLAPPING LESION OF BONE AND ARTICULAR CARTILAGE OF LIMBS",null,"C408","1995-01-01","2012-03-31",10,3,10
"C409","BONES AND ARTICULAR CARTILAGE OF LIMB, UNSPECIFIED",null,"C409","1995-01-01","2012-03-31",9,3,10
"C41","MALIGNANT NEOPLASM OF BONE",null,"C41","1995-01-01","1994-12-31",40,3,10
"C410","BONES OF SKULL AND FACE",null,"C410","1995-01-01","2012-03-31",10,3,10
"C411","MANDIBLE",null,"C411","1995-01-01","2012-03-31",10,3,10
"C412","VERTEBRAL COLUMN",null,"C412","1995-01-01","2012-03-31",10,3,10
"C413","RIBS, STERNUM AND CLAVICLE",null,"C413","1995-01-01","2012-03-31",10,3,10
"C414","PELVIC BONES, SACRUM AND COCCYX",null,"C414","1995-01-01","2012-03-31",10,3,10
"C418","OVERLAPPING LESION OF BONE AND ARTICULAR CARTILAGE",null,"C418","1995-01-01","2012-03-31",10,3,10
"C419","BONE AND ARTICULAR CARTILAGE, UNSPECIFIED",null,"C419","1995-01-01","2012-03-31",9,3,10
"C43","MALIGNANT MELANOMA OF SKIN",null,"C43","1995-01-01","1994-12-31",40,3,11
"C430","MALIGNANT MELANOMA OF LIP",null,"C430","1995-01-01","2012-03-31",10,3,11
"C431","MALIGNANT MELANOMA OF EYELID, INCLUDING CANTHUS",null,"C431","1995-01-01","2012-03-31",10,3,11
"C432","MALIGNANT MELANOMA OF EAR AND EXTERNAL AURICULAR CANAL",null,"C432","1995-01-01","2012-03-31",10,3,11
"C433","MALIGNANT MELANOMA OF OTHER AND UNSPECIFIED PARTS OF FACE",null,"C433","1995-01-01","2012-03-31",10,3,11
"C434","MALIGNANT MELANOMA OF SCALP AND NECK",null,"C434","1995-01-01","2012-03-31",10,3,11
"C435","MALIGNANT MELANOMA OF TRUNK",null,"C435","1995-01-01","2012-03-31",10,3,11
"C436","MALIGNANT MELANOMA OF UPPER LIMB, INCLUDING SHOULDER",null,"C436","1995-01-01","2012-03-31",10,3,11
"C437","MALIGNANT MELANOMA OF LOWER LIMB, INCLUDING HIP",null,"C437","1995-01-01","2012-03-31",10,3,11
"C438","OVERLAPPING MALIGNANT MELANOMA OF SKIN",null,"C438","1995-01-01","2012-03-31",10,3,11
"C439","MALIGNANT MELANOMA OF SKIN, UNSPECIFIED",null,"C439","1995-01-01","2012-03-31",9,3,11
"C44","MALIGNANT NEOPLASM OF SKIN",null,"C44","1995-01-01","1994-12-31",40,3,null
"C440","SKIN OF LIP",null,"C440","1995-01-01","2012-03-31",10,3,13
"C441","SKIN OF EYELID, INCLUDING CANTHUS",null,"C441","1995-01-01","2012-03-31",10,3,13
"C442","SKIN OF EAR AND EXTERNAL AURICULAR CANAL",null,"C442","1995-01-01","2012-03-31",10,3,13
"C443","SKIN OF OTHER AND UNSPECIFIED PARTS OF FACE",null,"C443","1995-01-01","2012-03-31",10,3,13
"C444","SKIN OF SCALP AND NECK",null,"C444","1995-01-01","2012-03-31",10,3,13
"C445","SKIN OF TRUNK",null,"C445","1995-01-01","2012-03-31",10,3,13
"C446","SKIN OF UPPER LIMB, INCLUDING SHOULDER",null,"C446","1995-01-01","2012-03-31",10,3,13
"C447","SKIN OF LOWER LIMB, INCLUDING HIP",null,"C447","1995-01-01","2012-03-31",10,3,13
"C448","OVERLAPPING LESION OF SKIN",null,"C448","1995-01-01","2012-03-31",10,3,13
"C449","MALIGNANT NEOPLASM OF SKIN, UNSPECIFIED",null,"C449","1995-01-01","2012-03-31",9,3,13
"C45","MESOTHELIOMA",null,"C45","1995-01-01","1994-12-31",40,3,9
"C450","MESOTHELIOMA OF PLEURA",null,"C450","1995-01-01","2012-03-31",10,3,9
"C451","MESOTHELIOMA OF PERITONEUM",null,"C451","1995-01-01","2012-03-31",10,3,9
"C452","MESOTHELIOMA OF PERICARDIUM",null,"C452","1995-01-01","2012-03-31",10,3,9
"C457","MESOTHELIOMA OF OTHER SITES",null,"C457","1995-01-01","2012-03-31",10,3,9
"C459","MESOTHELIOMA, UNSPECIFIED",null,"C459","1995-01-01","2012-03-31",9,3,9
"C46","KAPOSI""S SARCOMA",null,"C46","1995-01-01","1994-12-31",40,3,10
"C460","KAPOSI""S SARCOMA OF SKIN",null,"C460","1995-01-01","2012-03-31",10,3,10
"C461","KAPOSI""S SARCOMA OF SOFT TISSUE",null,"C461","1995-01-01","2012-03-31",10,3,10
"C462","KAPOSI""S SARCOMA OF PALATE",null,"C462","1995-01-01","2012-03-31",10,3,10
"C463","KAPOSI""S SARCOMA OF LYMPH NODES",null,"C463","1995-01-01","2012-03-31",10,3,10
"C467","KAPOSI""S SARCOMA OF OTHER SITES",null,"C467","1995-01-01","2012-03-31",10,3,10
"C468","KAPOSI""S SARCOMA OF MULTIPLE ORGANS",null,"C468","1995-01-01","2012-03-31",10,3,10
"C469","KAPOSI""S SARCOMA, UNSPECIFIED",null,"C469","1995-01-01","2012-03-31",9,3,10
"C47","MALIGNANT NEOPLASM OF NERVE",null,"C47","1995-01-01","1994-12-31",40,3,1
"C470","PERIPHERAL NERVES OF HEAD, FACE AND NECK",null,"C470","1995-01-01","2012-03-31",10,3,1
"C471","PERIPHERAL NERVES OF UPPER LIMB, INCLUDING SHOULDER",null,"C471","1995-01-01","2012-03-31",10,3,1
"C472","PERIPHERAL NERVES OF LOWER LIMB, INCLUDING HIP",null,"C472","1995-01-01","2012-03-31",10,3,1
"C473","PERIPHERAL NERVES OF THORAX",null,"C473","1995-01-01","2012-03-31",10,3,1
"C474","PERIPHERAL NERVES OF ABDOMEN",null,"C474","1995-01-01","2012-03-31",10,3,1
"C475","PERIPHERAL NERVES OF PELVIS",null,"C475","1995-01-01","2012-03-31",10,3,1
"C476","PERIPHERAL NERVES OF TRUNK, UNSPECIFIED",null,"C476","1995-01-01","2012-03-31",10,3,1
"C478","OVERLAPPING LESION OF PERIPHERAL NERVES AND AUTONOMIC NERVOUS SY",null,"C478","1995-01-01","2012-03-31",10,3,1
"C479","PERIPHERAL NERVES AND AUTONOMIC NERVOUS SYSTEM, UNSPECIFIED",null,"C479","1995-01-01","2012-03-31",9,3,1
"C48","MALIGNANT NEOPLASM OF PERITONEUM",null,"C48","1995-01-01","1994-12-31",40,3,10
"C480","RETROPERITONEUM",null,"C480","1995-01-01","2012-03-31",10,3,10
"C481","SPECIFIED PARTS OF PERITONEUM",null,"C481","1995-01-01","2012-03-31",10,3,10
"C482","PERITONEUM, UNSPECIFIED",null,"C482","1995-01-01","2012-03-31",10,3,10
"C488","OVERLAPPING LESION OF RETROPERITONEUM AND PERITONEUM",null,"C488","1995-01-01","2012-03-31",10,3,10
"C49","MALIGNANT NEOPLASM OF SOFT TISSUE",null,"C49","1995-01-01","1994-12-31",40,3,10
"C490","CONNECTIVE AND SOFT TISSUE OF HEAD, FACE AND NECK",null,"C490","1995-01-01","2012-03-31",10,3,10
"C491","CONNECTIVE AND SOFT TISSUE OF UPPER LIMB, INCLUDING SHOULDER",null,"C491","1995-01-01","2012-03-31",10,3,10
"C492","CONNECTIVE AND SOFT TISSUE OF LOWER LIMB, INCLUDING HIP",null,"C492","1995-01-01","2012-03-31",10,3,10
"C493","CONNECTIVE AND SOFT TISSUE OF THORAX",null,"C493","1995-01-01","2012-03-31",10,3,10
"C494","CONNECTIVE AND SOFT TISSUE OF ABDOMEN",null,"C494","1995-01-01","2012-03-31",10,3,10
"C495","CONNECTIVE AND SOFT TISSUE OF PELVIS",null,"C495","1995-01-01","2012-03-31",10,3,10
"C496","CONNECTIVE AND SOFT TISSUE OF TRUNK, UNSPECIFIED",null,"C496","1995-01-01","2012-03-31",10,3,10
"C498","OVERLAPPING LESION OF CONNECTIVE AND SOFT TISSUE",null,"C498","1995-01-01","2012-03-31",10,3,10
"C499","CONNECTIVE AND SOFT TISSUE, UNSPECIFIED",null,"C499","1995-01-01","2012-03-31",9,3,10
"C50","MALIGNANT NEOPLASM OF BREAST",null,"C50","1995-01-01","1994-12-31",40,3,2
"C500","NIPPLE AND AREOLA",null,"C500","1995-01-01","2012-03-31",10,3,2
"C501","CENTRAL PORTION OF BREAST",null,"C501","1995-01-01","2012-03-31",10,3,2
"C502","UPPER-INNER QUADRANT OF BREAST",null,"C502","1995-01-01","2012-03-31",10,3,2
"C503","LOWER-INNER QUADRANT OF BREAST",null,"C503","1995-01-01","2012-03-31",10,3,2
"C504","UPPER-OUTER QUADRANT OF BREAST",null,"C504","1995-01-01","2012-03-31",10,3,2
"C505","LOWER-OUTER QUADRANT OF BREAST",null,"C505","1995-01-01","2012-03-31",10,3,2
"C506","AXILLARY TAIL OF BREAST",null,"C506","1995-01-01","2012-03-31",10,3,2
"C508","OVERLAPPING LESION OF BREAST",null,"C508","1995-01-01","2012-03-31",10,3,2
"C509","BREAST, UNSPECIFIED",null,"C509","1995-01-01","2012-03-31",9,3,2
"C51","MALIGNANT NEOPLASM OF VULVA",null,"C51","1995-01-01","1994-12-31",40,3,6
"C510","LABIUM MAJUS",null,"C510","1995-01-01","2012-03-31",10,3,6
"C511","LABIUM MINUS",null,"C511","1995-01-01","2012-03-31",10,3,6
"C512","CLITORIS",null,"C512","1995-01-01","2012-03-31",10,3,6
"C518","OVERLAPPING LESION OF VULVA",null,"C518","1995-01-01","2012-03-31",10,3,6
"C519","VULVA, UNSPECIFIED",null,"C519","1995-01-01","2012-03-31",9,3,6
"C52","MALIGNANT NEOPLASM OF VAGINA",null,"C52","1995-01-01","2012-03-31",10,3,6
"C53","MALIGNANT NEOPLASM OF CERVIX UTERI",null,"C53","1995-01-01","1994-12-31",40,3,6
"C530","ENDOCERVIX",null,"C530","1995-01-01","2012-03-31",10,3,6
"C531","EXOCERVIX",null,"C531","1995-01-01","2012-03-31",10,3,6
"C538","OVERLAPPING LESION OF CERVIX UTERI",null,"C538","1995-01-01","2012-03-31",10,3,6
"C539","CERVIX UTERI, UNSPECIFIED",null,"C539","1995-01-01","2012-03-31",9,3,6
"C54","MALIGNANT NEOPLASM OF CORPUS UTERI",null,"C54","1995-01-01","1994-12-31",40,3,6
"C540","ISTHMUS UTERI",null,"C540","1995-01-01","2012-03-31",10,3,6
"C541","ENDOMETRIUM",null,"C541","1995-01-01","2012-03-31",10,3,6
"C542","MYOMETRIUM",null,"C542","1995-01-01","2012-03-31",10,3,6
"C543","FUNDUS UTERI",null,"C543","1995-01-01","2012-03-31",10,3,6
"C548","OVERLAPPING LESION OF CORPUS UTERI",null,"C548","1995-01-01","2012-03-31",10,3,6
"C549","CORPUS UTERI, UNSPECIFIED",null,"C549","1995-01-01","2012-03-31",9,3,6
"C55","MALIGNANT NEOPLASM OF UTERUS, PART UNSPECIFIED",null,"C55","1995-01-01","2012-03-31",10,3,6
"C55 ","C55 ","Outdated or invalid code C55 ","C55 ",null,null,-1,3,null
"C56","MALIGNANT NEOPLASM OF OVARY",null,"C56","1995-01-01","2012-03-31",10,3,6
"C56 ","C56 ","Outdated or invalid code C56 ","C56 ",null,null,-1,3,null
"C569","C569","Fake lookup for C569","C569",null,null,-1,3,null
"C57","MALIGNANT NEOPLASM OF FEMALE GENITAL ORGANS",null,"C57","1995-01-01","1994-12-31",40,3,6
"C570","FALLOPIAN TUBE",null,"C570","1995-01-01","2012-03-31",10,3,6
"C571","BROAD LIGAMENT - UTERINE ADEXNA",null,"C571","1995-01-01","2012-03-31",10,3,6
"C572","ROUND LIGAMENT - UTERINE ADEXNA",null,"C572","1995-01-01","2012-03-31",10,3,6
"C573","PARAMETRIUM",null,"C573","1995-01-01","2012-03-31",10,3,6
"C574","UTERINE ADNEXA, UNSPECIFIED",null,"C574","1995-01-01","2012-03-31",10,3,6
"C577","OTHER SPECIFIED FEMALE GENITAL ORGANS",null,"C577","1995-01-01","2012-03-31",10,3,6
"C578","OVERLAPPING LESION OF FEMALE GENITAL ORGANS",null,"C578","1995-01-01","2012-03-31",10,3,6
"C579","FEMALE GENITAL ORGAN, UNSPECIFIED",null,"C579","1995-01-01","2012-03-31",9,3,6
"C58","MALIGNANT NEOPLASM OF PLACENTA",null,"C58","1995-01-01","2012-03-31",10,3,6
"C6","C6","Outdated or invalid code C6","C6",null,null,-1,3,null
"C60","MALIGNANT NEOPLASM OF PENIS",null,"C60","1995-01-01","1994-12-31",40,3,12
"C600","PREPUCE - PENIS",null,"C600","1995-01-01","2012-03-31",10,3,12
"C601","GLANS PENIS",null,"C601","1995-01-01","2012-03-31",10,3,12
"C602","BODY OF PENIS",null,"C602","1995-01-01","2012-03-31",10,3,12
"C608","OVERLAPPING LESION OF PENIS",null,"C608","1995-01-01","2012-03-31",10,3,12
"C609","PENIS, UNSPECIFIED",null,"C609","1995-01-01","2012-03-31",9,3,12
"C61","MALIGNANT NEOPLASM OF PROSTATE",null,"C61","1995-01-01","2012-03-31",10,3,12
"C61 ","C61 ","Outdated or invalid code C61 ","C61 ",null,null,-1,3,null
"C619","C619","Fake lookup for C619","C619",null,null,-1,3,null
"C62","MALIGNANT NEOPLASM OF TESTIS",null,"C62","1995-01-01","1994-12-31",40,3,12
"C620","UNDESCENDED TESTIS",null,"C620","1995-01-01","2012-03-31",10,3,12
"C621","DESCENDED TESTIS",null,"C621","1995-01-01","2012-03-31",10,3,12
"C629","TESTIS, UNSPECIFIED",null,"C629","1995-01-01","2012-03-31",9,3,12
"C63","MALIGNANT NEOPLASM OF MALE GENITAL ORGANS",null,"C63","1995-01-01","1994-12-31",40,3,12
"C630","EPIDIDYMIS, MALE GENITAL ORGANS",null,"C630","1995-01-01","2012-03-31",10,3,12
"C631","SPERMATIC CORD, MALE GENITAL ORGANS",null,"C631","1995-01-01","2012-03-31",10,3,12
"C632","SCROTUM - MALE GENITAL ORGANS",null,"C632","1995-01-01","2012-03-31",10,3,12
"C637","OTHER SPECIFIED MALE GENITAL ORGANS",null,"C637","1995-01-01","2012-03-31",10,3,12
"C638","OVERLAPPING LESION OF MALE GENITAL ORGANS",null,"C638","1995-01-01","2012-03-31",10,3,12
"C639","MALE GENITAL ORGAN, UNSPECIFIED",null,"C639","1995-01-01","2012-03-31",9,3,12
"C64","MALIGNANT NEOPLASM OF KIDNEY, EXCEPT RENAL PELVIS",null,"C64","1995-01-01","2012-03-31",10,3,12
"C64 ","C64 ","Outdated or invalid code C64 ","C64 ",null,null,-1,3,null
"C649","C649","Fake lookup for C649","C649",null,null,-1,3,null
"C65","MALIGNANT NEOPLASM OF RENAL PELVIS",null,"C65","1995-01-01","2012-03-31",10,3,12
"C659","C659","Fake lookup for C659","C659",null,null,-1,3,null
"C66","MALIGNANT NEOPLASM OF URETER",null,"C66","1995-01-01","2012-03-31",10,3,12
"C67","MALIGNANT NEOPLASM OF BLADDER",null,"C67","1995-01-01","1994-12-31",40,3,12
"C670","TRIGONE OF BLADDER",null,"C670","1995-01-01","2012-03-31",10,3,12
"C671","DOME OF BLADDER",null,"C671","1995-01-01","2012-03-31",10,3,12
"C672","LATERAL WALL OF BLADDER",null,"C672","1995-01-01","2012-03-31",10,3,12
"C673","ANTERIOR WALL OF BLADDER",null,"C673","1995-01-01","2012-03-31",10,3,12
"C674","POSTERIOR WALL OF BLADDER",null,"C674","1995-01-01","2012-03-31",10,3,12
"C675","BLADDER NECK",null,"C675","1995-01-01","2012-03-31",10,3,12
"C676","URETERIC ORIFICE - BLADDER",null,"C676","1995-01-01","2012-03-31",10,3,12
"C677","URACHUS - BLADDER",null,"C677","1995-01-01","2012-03-31",10,3,12
"C678","OVERLAPPING LESION OF BLADDER",null,"C678","1995-01-01","2012-03-31",10,3,12
"C679","BLADDER, UNSPECIFIED",null,"C679","1995-01-01","2012-03-31",9,3,12
"C68","MALIGNANT NEOPLASM OF URINARY SYSTEM",null,"C68","1995-01-01","1994-12-31",40,3,12
"C680","URETHRA",null,"C680","1995-01-01","2012-03-31",10,3,12
"C681","PARAURETHRAL GLAND",null,"C681","1995-01-01","2012-03-31",10,3,12
"C688","OVERLAPPING LESION OF URINARY ORGANS",null,"C688","1995-01-01","2012-03-31",10,3,12
"C689","URINARY ORGAN, UNSPECIFIED",null,"C689","1995-01-01","2012-03-31",9,3,12
"C69","MALIGNANT NEOPLASM OF EYE",null,"C69","1995-01-01","1994-12-31",40,3,14
"C690","CONJUNCTIVA - EYE",null,"C690","1995-01-01","2012-03-31",10,3,14
"C691","CORNEA - EYE",null,"C691","1995-01-01","2012-03-31",10,3,14
"C692","RETINA - EYE",null,"C692","1995-01-01","2012-03-31",10,3,14
"C693","CHOROID - EYE",null,"C693","1995-01-01","2012-03-31",10,3,14
"C694","CILIARY BODY - EYE",null,"C694","1995-01-01","2012-03-31",10,3,14
"C695","LACRIMAL GLAND AND DUCT - EYE",null,"C695","1995-01-01","2012-03-31",10,3,14
"C696","ORBIT - EYE",null,"C696","1995-01-01","2012-03-31",10,3,14
"C698","OVERLAPPING LESION OF EYE AND ADNEXA",null,"C698","1995-01-01","2012-03-31",10,3,14
"C699","EYE, UNSPECIFIED",null,"C699","1995-01-01","2012-03-31",9,3,14
"C70","MALIGNANT NEOPLASM OF MENINGES",null,"C70","1995-01-01","1994-12-31",40,3,1
"C700","CEREBRAL MENINGES",null,"C700","1995-01-01","2012-03-31",10,3,1
"C701","SPINAL MENINGES",null,"C701","1995-01-01","2012-03-31",10,3,1
"C709","MENINGES, UNSPECIFIED",null,"C709","1995-01-01","2012-03-31",9,3,1
"C71","MALIGNANT NEOPLASM OF BRAIN",null,"C71","1995-01-01","1994-12-31",40,3,1
"C710","BRAIN, CEREBRUM, EXCEPT LOBES AND VENTRICLES",null,"C710","1995-01-01","2012-03-31",10,3,1
"C711","BRAIN, FRONTAL LOBE",null,"C711","1995-01-01","2012-03-31",10,3,1
"C712","BRAIN, TEMPORAL LOBE",null,"C712","1995-01-01","2012-03-31",10,3,1
"C713","BRAIN, PARIETAL LOBE",null,"C713","1995-01-01","2012-03-31",10,3,1
"C714","BRAIN, OCCIPITAL LOBE",null,"C714","1995-01-01","2012-03-31",10,3,1
"C715","BRAIN, CEREBRAL VENTRICLE",null,"C715","1995-01-01","2012-03-31",10,3,1
"C716","BRAIN, CEREBELLUM",null,"C716","1995-01-01","2012-03-31",10,3,1
"C717","BRAIN STEM",null,"C717","1995-01-01","2012-03-31",10,3,1
"C718","OVERLAPPING LESION OF BRAIN",null,"C718","1995-01-01","2012-03-31",10,3,1
"C719","BRAIN, UNSPECIFIED",null,"C719","1995-01-01","2012-03-31",9,3,1
"C72","MALIGNANT NEOPLASM OF SPINAL CORD / CNS",null,"C72","1995-01-01","1994-12-31",40,3,1
"C720","SPINAL CORD",null,"C720","1995-01-01","2012-03-31",10,3,1
"C721","CAUDA EQUINA",null,"C721","1995-01-01","2012-03-31",10,3,1
"C722","OLFACTORY NERVE",null,"C722","1995-01-01","2012-03-31",10,3,1
"C723","OPTIC NERVE",null,"C723","1995-01-01","2012-03-31",10,3,1
"C724","ACOUSTIC NERVE",null,"C724","1995-01-01","2012-03-31",10,3,1
"C725","OTHER AND UNSPECIFIED CRANIAL NERVES",null,"C725","1995-01-01","2012-03-31",10,3,1
"C728","OVERLAPPING LESION OF BRAIN AND OTHER PARTS OF CENTRAL NERVOUS S",null,"C728","1995-01-01","2012-03-31",10,3,1
"C729","CENTRAL NERVOUS SYSTEM, UNSPECIFIED",null,"C729","1995-01-01","2012-03-31",9,3,1
"C73","MALIGNANT NEOPLASM OF THYROID GLAND",null,"C73","1995-01-01","2012-03-31",10,3,8
"C73 ","C73 ","Outdated or invalid code C73 ","C73 ",null,null,-1,3,null
"C74","MALIGNANT NEOPLASM OF ADRENAL GLAND",null,"C74","1995-01-01","1994-12-31",40,3,3
"C740","CORTEX OF ADRENAL GLAND",null,"C740","1995-01-01","2012-03-31",10,3,3
"C741","MEDULLA OF ADRENAL GLAND",null,"C741","1995-01-01","2012-03-31",10,3,3
"C749","ADRENAL GLAND, UNSPECIFIED",null,"C749","1995-01-01","2012-03-31",9,3,3
"C75","MALIGNANT NEOPLASM OF ENDOCRINE GLAND",null,"C75","1995-01-01","1994-12-31",40,3,3
"C750","PARATHYROID GLAND",null,"C750","1995-01-01","2012-03-31",10,3,3
"C751","PITUITARY GLAND",null,"C751","1995-01-01","2012-03-31",10,3,3
"C752","CRANIOPHARYNGEAL DUCT",null,"C752","1995-01-01","2012-03-31",10,3,3
"C753","PINEAL GLAND",null,"C753","1995-01-01","2012-03-31",10,3,3
"C754","CAROTID BODY",null,"C754","1995-01-01","2012-03-31",10,3,3
"C755","AORTIC BODY AND OTHER PARAGANGLIA",null,"C755","1995-01-01","2012-03-31",10,3,3
"C758","PLURIGLANDULAR INVOLVEMENT, UNSPECIFIED",null,"C758","1995-01-01","2012-03-31",10,3,3
"C759","ENDOCRINE GLAND, UNSPECIFIED",null,"C759","1995-01-01","2012-03-31",9,3,3
"C76","MALIGNANT NEOPLASM",null,"C76","1995-01-01","1994-12-31",40,3,14
"C760","HEAD, FACE AND NECK",null,"C760","1995-01-01","2012-03-31",10,3,14
"C761","THORAX",null,"C761","1995-01-01","2012-03-31",10,3,14
"C762","ABDOMEN",null,"C762","1995-01-01","2012-03-31",10,3,14
"C763","PELVIS",null,"C763","1995-01-01","2012-03-31",10,3,14
"C764","UPPER LIMB",null,"C764","1995-01-01","2012-03-31",10,3,14
"C765","LOWER LIMB",null,"C765","1995-01-01","2012-03-31",10,3,14
"C767","OTHER ILL-DEFINED SITES",null,"C767","1995-01-01","2012-03-31",10,3,14
"C768","OVERLAPPING LESION OF OTHER AND ILL-DEFINED SITES",null,"C768","1995-01-01","2012-03-31",10,3,14
"C769","C769","Fake lookup for C769","C769",null,null,-1,3,null
"C77","SECONDARY MALIGNANCY OF LYMPH NODE",null,"C77","1995-01-01","1994-12-31",40,3,14
"C770","LYMPH NODES OF HEAD, FACE AND NECK",null,"C770","1995-01-01","2012-03-31",10,3,8
"C771","INTRATHORACIC LYMPH NODES",null,"C771","1995-01-01","2012-03-31",10,3,14
"C772","INTRA-ABDOMINAL LYMPH NODES",null,"C772","1995-01-01","2012-03-31",10,3,14
"C773","AXILLARY AND UPPER LIMB LYMPH NODES",null,"C773","1995-01-01","2012-03-31",10,3,14
"C774","INGUINAL AND LOWER LIMB LYMPH NODES",null,"C774","1995-01-01","2012-03-31",10,3,14
"C775","INTRAPELVIC LYMPH NODES",null,"C775","1995-01-01","2012-03-31",10,3,14
"C778","LYMPH NODES OF MULTIPLE REGIONS",null,"C778","1995-01-01","2012-03-31",10,3,14
"C779","LYMPH NODE, UNSPECIFIED",null,"C779","1995-01-01","2012-03-31",9,3,14
"C78","SECONDARY MALIGNANCY",null,"C78","1995-01-01","1994-12-31",40,3,14
"C780","SECONDARY MALIGNANT NEOPLASM OF LUNG",null,"C780","1995-01-01","2012-03-31",10,3,14
"C781","SECONDARY MALIGNANT NEOPLASM OF MEDIASTINUM",null,"C781","1995-01-01","2012-03-31",10,3,14
"C782","SECONDARY MALIGNANT NEOPLASM OF PLEURA",null,"C782","1995-01-01","2012-03-31",10,3,14
"C783","SECONDARY MALIGNANT NEOPLASM OF OTHER AND UNSPECIFIED RESPIRATOR",null,"C783","1995-01-01","2012-03-31",10,3,14
"C784","SECONDARY MALIGNANT NEOPLASM OF SMALL INTESTINE",null,"C784","1995-01-01","2012-03-31",10,3,14
"C785","SECONDARY MALIGNANT NEOPLASM OF LARGE INTESTINE AND RECTUM",null,"C785","1995-01-01","2012-03-31",10,3,14
"C786","SECONDARY MALIGNANT NEOPLASM OF RETROPERITONEUM AND PERITONEUM",null,"C786","1995-01-01","2012-03-31",10,3,14
"C787","SECONDARY MALIGNANT NEOPLASM OF LIVER",null,"C787","1995-01-01","2012-03-31",10,3,14
"C788","SECONDARY MALIGNANT NEOPLASM OF OTHER AND UNSPECIFIED DIGESTIVE ",null,"C788","1995-01-01","2012-03-31",10,3,14
"C789","C789","Fake lookup for C789","C789",null,null,-1,3,null
"C79","SECONDARY MALIGNANCY",null,"C79","1995-01-01","1994-12-31",40,3,14
"C790","SECONDARY MALIGNANT NEOPLASM OF KIDNEY AND RENAL PELVIS",null,"C790","1995-01-01","2012-03-31",10,3,14
"C791","SECONDARY MALIGNANT NEOPLASM OF BLADDER AND OTHER AND UNSPECIFIE",null,"C791","1995-01-01","2012-03-31",10,3,14
"C792","SECONDARY MALIGNANT NEOPLASM OF SKIN",null,"C792","1995-01-01","2012-03-31",10,3,14
"C793","SECONDARY MALIGNANT NEOPLASM OF BRAIN AND CEREBRAL MENINGES",null,"C793","1995-01-01","2012-03-31",10,3,14
"C794","SECONDARY MALIGNANT NEOPLASM OF OTHER AND UNSPECIFIED PARTS OF N",null,"C794","1995-01-01","2012-03-31",10,3,14
"C795","SECONDARY MALIGNANT NEOPLASM OF BONE AND BONE MARROW",null,"C795","1995-01-01","2012-03-31",10,3,14
"C796","SECONDARY MALIGNANT NEOPLASM OF OVARY",null,"C796","1995-01-01","2012-03-31",10,3,14
"C797","SECONDARY MALIGNANT NEOPLASM OF ADRENAL GLAND",null,"C797","1995-01-01","2012-03-31",10,3,14
"C798","SECONDARY MALIGNANT NEOPLASM OF OTHER SPECIFIED SITES",null,"C798","1995-01-01","2012-03-31",10,3,14
"C799","C799","Fake lookup for C799","C799",null,null,-1,3,null
"C8","C8","Outdated or invalid code C8","C8",null,null,-1,3,null
"C80","MALIGNANT NEOPLASM WITHOUT SPECIFICATION OF SITE",null,"C80","1995-01-01","2012-03-31",10,3,14
"C80 ","C80 ","Outdated or invalid code C80 ","C80 ",null,null,-1,3,null
"C809","C809","Fake lookup for C809","C809",null,null,-1,3,null
"C81","HODGKIN""S DISEASE",null,"C81","1995-01-01","1994-12-31",40,3,7
"C810","LYMPHOCYTIC PREDOMINANCE",null,"C810","1995-01-01","2012-03-31",10,3,7
"C811","NODULAR SCLEROSIS",null,"C811","1995-01-01","2012-03-31",10,3,7
"C812","MIXED CELLULARITY",null,"C812","1995-01-01","2012-03-31",10,3,7
"C813","LYMPHOCYTIC DEPLETION",null,"C813","1995-01-01","2012-03-31",10,3,7
"C817","OTHER HODGKIN""S DISEASE",null,"C817","1995-01-01","2012-03-31",10,3,7
"C819","HODGKIN""S DISEASE, UNSPECIFIED",null,"C819","1995-01-01","2012-03-31",9,3,7
"C82","NON-HODGKIN""S LYMPHOMA",null,"C82","1995-01-01","1994-12-31",40,3,7
"C820","SMALL CLEAVED CELL, FOLLICULAR",null,"C820","1995-01-01","2012-03-31",10,3,7
"C821","MIXED SMALL CLEAVED AND LARGE CELL, FOLLICULAR",null,"C821","1995-01-01","2012-03-31",10,3,7
"C822","LARGE CELL, FOLLICULAR",null,"C822","1995-01-01","2012-03-31",10,3,7
"C827","OTHER TYPES OF FOLLICULAR NON-HODGKIN""S LYMPHOMA",null,"C827","1995-01-01","2012-03-31",10,3,7
"C829","FOLLICULAR NON-HODGKIN""S LYMPHOMA, UNSPECIFIED",null,"C829","1995-01-01","2012-03-31",9,3,7
"C83","NON-HODGKIN""S LYMPHOMA",null,"C83","1995-01-01","1994-12-31",40,3,7
"C830","SMALL CELL (DIFFUSE)",null,"C830","1995-01-01","2012-03-31",10,3,7
"C831","SMALL CLEAVED CELL (DIFFUSE)",null,"C831","1995-01-01","2012-03-31",10,3,7
"C832","MIXED SMALL AND LARGE CELL (DIFFUSE)",null,"C832","1995-01-01","2012-03-31",10,3,7
"C833","LARGE CELL (DIFFUSE)",null,"C833","1995-01-01","2012-03-31",10,3,7
"C834","IMMUNOBLASTIC (DIFFUSE)",null,"C834","1995-01-01","2012-03-31",10,3,7
"C835","LYMPHOBLASTIC (DIFFUSE)",null,"C835","1995-01-01","2012-03-31",10,3,7
"C836","UNDIFFERENTIATED (DIFFUSE)",null,"C836","1995-01-01","2012-03-31",10,3,7
"C837","BURKITT""S TUMOUR",null,"C837","1995-01-01","2012-03-31",10,3,7
"C838","OTHER TYPES OF DIFFUSE NON-HODGKIN""S LYMPHOMA",null,"C838","1995-01-01","2012-03-31",10,3,7
"C839","DIFFUSE NON-HODGKIN""S LYMPHOMA, UNSPECIFIED",null,"C839","1995-01-01","2012-03-31",9,3,7
"C84","NON-HODGKIN""S LYMPHOMA",null,"C84","1995-01-01","1994-12-31",40,3,7
"C840","MYCOSIS FUNGOIDES",null,"C840","1995-01-01","2012-03-31",10,3,7
"C841","SEZARY""S DISEASE",null,"C841","1995-01-01","2012-03-31",10,3,7
"C842","T-ZONE LYMPHOMA",null,"C842","1995-01-01","2012-03-31",10,3,7
"C843","LYMPHOEPITHELIOID LYMPHOMA",null,"C843","1995-01-01","2012-03-31",10,3,7
"C844","PERIPHERAL T-CELL LYMPHOMA",null,"C844","1995-01-01","2012-03-31",10,3,7
"C845","OTHER AND UNSPECIFIED T-CELL LYMPHOMAS",null,"C845","1995-01-01","2012-03-31",10,3,7
"C849","C849","Fake lookup for C849","C849",null,null,-1,3,null
"C85","NON-HODGKIN""S LYMPHOMA",null,"C85","1995-01-01","1994-12-31",40,3,7
"C850","LYMPHOSARCOMA",null,"C850","1995-01-01","2012-03-31",10,3,7
"C851","B-CELL LYMPHOMA, UNSPECIFIED",null,"C851","1995-01-01","2012-03-31",10,3,7
"C857","OTHER SPECIFIED TYPES OF NON-HODGKIN""S LYMPHOMA",null,"C857","1995-01-01","2012-03-31",10,3,7
"C859","NON-HODGKIN""S LYMPHOMA, UNSPECIFIED TYPE",null,"C859","1995-01-01","2012-03-31",9,3,7
"C87","C87","Fake lookup for C87","C87",null,null,-1,3,null
"C88","IMMUNOPROLIFERATIVE DIAEASE",null,"C88","1995-01-01","1994-12-31",40,3,7
"C880","WALDENSTRÂ¿M""S MACROGLOBULINAEMIA",null,"C880","1995-01-01","2012-03-31",10,3,7
"C881","ALPHA HEAVY CHAIN DISEASE",null,"C881","1995-01-01","2012-03-31",10,3,7
"C882","GAMMA HEAVY CHAIN DISEASE",null,"C882","1995-01-01","2012-03-31",10,3,7
"C883","IMMUNOPROLIFERATIVE SMALL INTESTINAL DISEASE",null,"C883","1995-01-01","2012-03-31",10,3,7
"C887","OTHER MALIGNANT IMMUNOPROLIFERATIVE DISEASES",null,"C887","1995-01-01","2012-03-31",10,3,7
"C889","MALIGNANT IMMUNOPROLIFERATIVE DISEASE, UNSPECIFIED",null,"C889","1995-01-01","2012-03-31",9,3,7
"C90","MYELOMA",null,"C90","1995-01-01","1994-12-31",40,3,7
"C900","MULTIPLE MYELOMA",null,"C900","1995-01-01","2012-03-31",10,3,7
"C901","PLASMA CELL LEUKAEMIA",null,"C901","1995-01-01","2012-03-31",10,3,7
"C902","PLASMACYTOMA, EXTRAMEDULLARY",null,"C902","1995-01-01","2012-03-31",10,3,7
"C909","C909","Fake lookup for C909","C909",null,null,-1,3,null
"C91","LEUKAEMIA",null,"C91","1995-01-01","1994-12-31",40,3,7
"C910","ACUTE LYMPHOBLASTIC LEUKAEMIA",null,"C910","1995-01-01","2012-03-31",10,3,7
"C911","CHRONIC LYMPHOCYTIC LEUKAEMIA",null,"C911","1995-01-01","2012-03-31",10,3,7
"C912","SUBACUTE LYMPHOCYTIC LEUKAEMIA",null,"C912","1995-01-01","2012-03-31",10,3,7
"C913","PROLYMPHOCYTIC LEUKAEMIA",null,"C913","1995-01-01","2012-03-31",10,3,7
"C914","HAIRY-CELL LEUKAEMIA",null,"C914","1995-01-01","2012-03-31",10,3,7
"C915","ADULT T-CELL LEUKAEMIA",null,"C915","1995-01-01","2012-03-31",10,3,7
"C917","OTHER LYMPHOID LEUKAEMIA",null,"C917","1995-01-01","2012-03-31",10,3,7
"C919","LYMPHOID LEUKAEMIA, UNSPECIFIED",null,"C919","1995-01-01","2012-03-31",9,3,7
"C92","LEUKAEMIA",null,"C92","1995-01-01","1994-12-31",40,3,7
"C920","ACUTE MYELOID LEUKAEMIA",null,"C920","1995-01-01","2012-03-31",10,3,7
"C921","CHRONIC MYELOID LEUKAEMIA",null,"C921","1995-01-01","2012-03-31",10,3,7
"C922","SUBACUTE MYELOID LEUKAEMIA",null,"C922","1995-01-01","2012-03-31",10,3,7
"C923","MYELOID SARCOMA",null,"C923","1995-01-01","2012-03-31",10,3,7
"C924","ACUTE PROMYELOCYTIC LEUKAEMIA",null,"C924","1995-01-01","2012-03-31",10,3,7
"C925","ACUTE MYELOMONOCYTIC LEUKAEMIA",null,"C925","1995-01-01","2012-03-31",10,3,7
"C927","OTHER MYELOID LEUKAEMIA",null,"C927","1995-01-01","2012-03-31",10,3,7
"C929","MYELOID LEUKAEMIA, UNSPECIFIED",null,"C929","1995-01-01","2012-03-31",9,3,7
"C93","LEUKAEMIA",null,"C93","1995-01-01","1994-12-31",40,3,7
"C930","ACUTE MONOCYTIC LEUKAEMIA",null,"C930","1995-01-01","2012-03-31",10,3,7
"C931","CHRONIC MONOCYTIC LEUKAEMIA",null,"C931","1995-01-01","2012-03-31",10,3,7
"C932","SUBACUTE MONOCYTIC LEUKAEMIA",null,"C932","1995-01-01","2012-03-31",10,3,7
"C937","OTHER MONOCYTIC LEUKAEMIA",null,"C937","1995-01-01","2012-03-31",10,3,7
"C939","MONOCYTIC LEUKAEMIA, UNSPECIFIED",null,"C939","1995-01-01","2012-03-31",9,3,7
"C94","LEUKAEMIA",null,"C94","1995-01-01","1994-12-31",40,3,7
"C940","ACUTE ERYTHRAEMIA AND ERYTHROLEUKAEMIA",null,"C940","1995-01-01","2012-03-31",10,3,7
"C941","CHRONIC ERYTHRAEMIA",null,"C941","1995-01-01","2012-03-31",10,3,7
"C942","ACUTE MEGAKARYOBLASTIC LEUKAEMIA",null,"C942","1995-01-01","2012-03-31",10,3,7
"C943","MAST CELL LEUKAEMIA",null,"C943","1995-01-01","2012-03-31",10,3,7
"C944","ACUTE PANMYELOSIS",null,"C944","1995-01-01","2012-03-31",10,3,7
"C945","ACUTE MYELOFIBROSIS",null,"C945","1995-01-01","2012-03-31",10,3,7
"C947","OTHER SPECIFIED LEUKAEMIAS",null,"C947","1995-01-01","2012-03-31",10,3,7
"C95","LEUKAEMIA",null,"C95","1995-01-01","1994-12-31",40,3,7
"C950","ACUTE LEUKAEMIA OF UNSPECIFIED CELL TYPE",null,"C950","1995-01-01","2012-03-31",10,3,7
"C951","CHRONIC LEUKAEMIA OF UNSPECIFIED CELL TYPE",null,"C951","1995-01-01","2012-03-31",10,3,7
"C952","SUBACUTE LEUKAEMIA OF UNSPECIFIED CELL TYPE",null,"C952","1995-01-01","2012-03-31",10,3,7
"C957","OTHER LEUKAEMIA OF UNSPECIFIED CELL TYPE",null,"C957","1995-01-01","2012-03-31",10,3,7
"C959","LEUKAEMIA, UNSPECIFIED",null,"C959","1995-01-01","2012-03-31",9,3,7
"C96","HAEMATOLOGICAL MALIGNANCY",null,"C96","1995-01-01","1994-12-31",40,3,7
"C960","LETTERER-SIWE DISEASE",null,"C960","1995-01-01","2012-03-31",10,3,7
"C961","MALIGNANT HISTIOCYTOSIS",null,"C961","1995-01-01","2012-03-31",10,3,7
"C962","MALIGNANT MAST CELL TUMOUR",null,"C962","1995-01-01","2012-03-31",10,3,7
"C963","TRUE HISTIOCYTIC LYMPHOMA",null,"C963","1995-01-01","2012-03-31",10,3,7
"C967","OTHER SPECIFIED MALIGNANT NEOPLASMS OF LYMPHOID, HAEMATOPOIETIC ",null,"C967","1995-01-01","2012-03-31",10,3,7
"C969","MALIGNANT NEOPLASM OF LYMPHOID, HAEMATOPOIETIC AND RELATED TISSU",null,"C969","1995-01-01","2012-03-31",9,3,7
"C97","MALIGNANT NEOPLASMS OF INDEPENDENT (PRIMARY) MULTIPLE SITES",null,"C97","1995-01-01","2012-03-31",10,3,14
"C98","C98","Fake lookup for C98","C98",null,null,-1,3,null
"CC6","CC6","Fake lookup for CC6","CC6",null,null,-1,3,null
"CO2","CO2","Outdated or invalid code CO2","CO2",null,null,-1,3,null
"D00","CARCINOMA-IN-SITU",null,"D00","1995-01-01","1994-12-31",40,3,null
"D000","LIP, ORAL CAVITY AND PHARYNX",null,"D000","1995-01-01","2012-03-31",10,3,8
"D001","OESOPHAGUS",null,"D001","1995-01-01","2012-03-31",10,3,5
"D002","STOMACH",null,"D002","1995-01-01","2012-03-31",10,3,5
"D01","CARCINOMA-IN-SITU OF DIGESTIVE TRACT",null,"D01","1995-01-01","1994-12-31",40,3,null
"D010","COLON",null,"D010","1995-01-01","2012-03-31",10,3,4
"D011","RECTOSIGMOID JUNCTION",null,"D011","1995-01-01","2012-03-31",10,3,4
"D012","RECTUM",null,"D012","1995-01-01","2012-03-31",10,3,4
"D013","ANUS AND ANAL CANAL",null,"D013","1995-01-01","2012-03-31",10,3,4
"D014","OTHER AND UNSPECIFIED PARTS OF INTESTINE",null,"D014","1995-01-01","2012-03-31",10,3,4
"D015","LIVER, GALLBLADDER AND BILE DUCTS",null,"D015","1995-01-01","2012-03-31",10,3,5
"D017","OTHER SPECIFIED DIGESTIVE ORGANS",null,"D017","1995-01-01","2012-03-31",10,3,5
"D019","DIGESTIVE ORGAN, UNSPECIFIED",null,"D019","1995-01-01","2012-03-31",9,3,5
"D02","CARCINOMA-IN-SITU",null,"D02","1995-01-01","1994-12-31",40,3,null
"D020","LARYNX",null,"D020","1995-01-01","2012-03-31",10,3,8
"D021","TRACHEA",null,"D021","1995-01-01","2012-03-31",10,3,9
"D022","BRONCHUS AND LUNG",null,"D022","1995-01-01","2012-03-31",10,3,9
"D023","OTHER PARTS OF RESPIRATORY SYSTEM",null,"D023","1995-01-01","2012-03-31",10,3,9
"D024","RESPIRATORY SYSTEM, UNSPECIFIED",null,"D024","1995-01-01","2012-03-31",10,3,9
"D03","MELANOMA-IN-SITU",null,"D03","1995-01-01","1994-12-31",40,3,null
"D030","MELANOMA IN SITU OF LIP",null,"D030","1995-01-01","2012-03-31",10,3,13
"D031","MELANOMA IN SITU OF EYELID, INCLUDING CANTHUS",null,"D031","1995-01-01","2012-03-31",10,3,13
"D032","MELANOMA IN SITU OF EAR AND EXTERNAL AURICULAR CANAL",null,"D032","1995-01-01","2012-03-31",10,3,13
"D033","MELANOMA IN SITU OF OTHER AND UNSPECIFIED PARTS OF FACE",null,"D033","1995-01-01","2012-03-31",10,3,13
"D034","MELANOMA IN SITU OF SCALP AND NECK",null,"D034","1995-01-01","2012-03-31",10,3,13
"D035","MELANOMA IN SITU OF TRUNK",null,"D035","1995-01-01","2012-03-31",10,3,13
"D036","MELANOMA IN SITU OF UPPER LIMB, INCLUDING SHOULDER",null,"D036","1995-01-01","2012-03-31",10,3,13
"D037","MELANOMA IN SITU OF LOWER LIMB, INCLUDING HIP",null,"D037","1995-01-01","2012-03-31",10,3,13
"D038","MELANOMA IN SITU OF OTHER SITES",null,"D038","1995-01-01","2012-03-31",10,3,13
"D039","MELANOMA IN SITU, UNSPECIFIED",null,"D039","1995-01-01","2012-03-31",9,3,13
"D04","CARCINOMA-IN-SITU OF SKIN",null,"D04","1995-01-01","1994-12-31",40,3,null
"D040","SKIN OF LIP",null,"D040","1995-01-01","2012-03-31",10,3,13
"D041","SKIN OF EYELID, INCLUDING CANTHUS",null,"D041","1995-01-01","2012-03-31",10,3,13
"D042","SKIN OF EAR AND EXTERNAL AURICULAR CANAL",null,"D042","1995-01-01","2012-03-31",10,3,13
"D043","SKIN OF OTHER AND UNSPECIFIED PARTS OF FACE",null,"D043","1995-01-01","2012-03-31",10,3,13
"D044","SKIN OF SCALP AND NECK",null,"D044","1995-01-01","2012-03-31",10,3,13
"D045","SKIN OF TRUNK",null,"D045","1995-01-01","2012-03-31",10,3,13
"D046","SKIN OF UPPER LIMB, INCLUDING SHOULDER",null,"D046","1995-01-01","2012-03-31",10,3,13
"D047","SKIN OF LOWER LIMB, INCLUDING HIP",null,"D047","1995-01-01","2012-03-31",10,3,13
"D048","SKIN OF OTHER SITES",null,"D048","1995-01-01","2012-03-31",10,3,13
"D049","SKIN, UNSPECIFIED",null,"D049","1995-01-01","2012-03-31",9,3,13
"D05","CARCINOMA-IN-SITU OF BREAST",null,"D05","1995-01-01","1994-12-31",40,3,2
"D050","LOBULAR CARCINOMA IN SITU",null,"D050","1995-01-01","2012-03-31",10,3,2
"D051","INTRADUCTAL CARCINOMA IN SITU",null,"D051","1995-01-01","2012-03-31",10,3,2
"D057","OTHER CARCINOMA IN SITU OF BREAST",null,"D057","1995-01-01","2012-03-31",10,3,2
"D059","CARCINOMA IN SITU OF BREAST, UNSPECIFIED",null,"D059","1995-01-01","2012-03-31",9,3,2
"D06","CARCINOMA-IN-SITU OF CERVIX UTERI",null,"D06","1995-01-01","1994-12-31",40,3,6
"D060","ENDOCERVIX",null,"D060","1995-01-01","2012-03-31",10,3,6
"D061","EXOCERVIX",null,"D061","1995-01-01","2012-03-31",10,3,6
"D067","OTHER PARTS OF CERVIX",null,"D067","1995-01-01","2012-03-31",10,3,6
"D069","CERVIX, UNSPECIFIED",null,"D069","1995-01-01","2012-03-31",9,3,6
"D07","CARCINOMA-IN-SITU OF GENITAL ORGANS",null,"D07","1995-01-01","1994-12-31",40,3,null
"D070","ENDOMETRIUM",null,"D070","1995-01-01","2012-03-31",10,3,6
"D071","VULVA",null,"D071","1995-01-01","2012-03-31",10,3,6
"D072","VAGINA",null,"D072","1995-01-01","2012-03-31",10,3,6
"D073","OTHER AND UNSPECIFIED FEMALE GENITAL ORGANS",null,"D073","1995-01-01","2012-03-31",10,3,6
"D074","PENIS",null,"D074","1995-01-01","2012-03-31",10,3,12
"D075","PROSTATE",null,"D075","1995-01-01","2012-03-31",10,3,12
"D076","OTHER AND UNSPECIFIED MALE GENITAL ORGANS",null,"D076","1995-01-01","2012-03-31",10,3,12
"D08","D08","Outdated or invalid code D08","D08",null,null,-1,3,null
"D081","D081","Outdated or invalid code D081","D081",null,null,-1,3,null
"D09","CARCINOMA-IN-SITU",null,"D09","1995-01-01","1994-12-31",40,3,null
"D090","BLADDER",null,"D090","1995-01-01","2012-03-31",10,3,12
"D091","OTHER AND UNSPECIFIED URINARY ORGANS",null,"D091","1995-01-01","2012-03-31",10,3,12
"D092","EYE",null,"D092","1995-01-01","2012-03-31",10,3,1
"D093","THYROID AND OTHER ENDOCRINE GLANDS",null,"D093","1995-01-01","2012-03-31",10,3,8
"D097","CARCINOMA IN SITU OF OTHER SPECIFIED SITES",null,"D097","1995-01-01","2012-03-31",10,3,13
"D099","CARCINOMA IN SITU, UNSPECIFIED",null,"D099","1995-01-01","2012-03-31",9,3,13
"D10",null,null,"D10","1995-01-01","1994-12-31",40,3,null
"D100",null,null,"D100","1995-01-01","2012-03-31",10,3,null
"D101",null,null,"D101","1995-01-01","2012-03-31",10,3,null
"D102",null,null,"D102","1995-01-01","2012-03-31",10,3,null
"D103",null,null,"D103","1995-01-01","2012-03-31",10,3,null
"D104",null,null,"D104","1995-01-01","2012-03-31",10,3,null
"D105",null,null,"D105","1995-01-01","2012-03-31",10,3,null
"D106",null,null,"D106","1995-01-01","2012-03-31",10,3,null
"D107",null,null,"D107","1995-01-01","2012-03-31",10,3,null
"D109",null,null,"D109","1995-01-01","2012-03-31",9,3,null
"D11",null,null,"D11","1995-01-01","1994-12-31",40,3,null
"D110","PAROTID GLAND",null,"D110","1995-01-01","2012-03-31",10,3,null
"D117",null,null,"D117","1995-01-01","2012-03-31",10,3,null
"D119",null,null,"D119","1995-01-01","2012-03-31",9,3,null
"D12",null,null,"D12","1995-01-01","1994-12-31",40,3,null
"D120",null,null,"D120","1995-01-01","2012-03-31",10,3,null
"D121",null,null,"D121","1995-01-01","2012-03-31",10,3,null
"D122",null,null,"D122","1995-01-01","2012-03-31",10,3,null
"D123",null,null,"D123","1995-01-01","2012-03-31",10,3,null
"D124",null,null,"D124","1995-01-01","2012-03-31",10,3,null
"D125",null,null,"D125","1995-01-01","2012-03-31",10,3,null
"D126",null,null,"D126","1995-01-01","2012-03-31",10,3,null
"D127",null,null,"D127","1995-01-01","2012-03-31",10,3,null
"D128",null,null,"D128","1995-01-01","2012-03-31",10,3,null
"D129",null,null,"D129","1995-01-01","2012-03-31",9,3,null
"D13",null,null,"D13","1995-01-01","1994-12-31",40,3,null
"D130",null,null,"D130","1995-01-01","2012-03-31",10,3,null
"D131",null,null,"D131","1995-01-01","2012-03-31",10,3,null
"D132",null,null,"D132","1995-01-01","2012-03-31",10,3,null
"D133",null,null,"D133","1995-01-01","2012-03-31",10,3,null
"D134",null,null,"D134","1995-01-01","2012-03-31",10,3,null
"D135",null,null,"D135","1995-01-01","2012-03-31",10,3,null
"D136",null,null,"D136","1995-01-01","2012-03-31",10,3,null
"D137",null,null,"D137","1995-01-01","2012-03-31",10,3,null
"D139",null,null,"D139","1995-01-01","2012-03-31",9,3,null
"D14",null,null,"D14","1995-01-01","1994-12-31",40,3,null
"D140",null,null,"D140","1995-01-01","2012-03-31",10,3,null
"D141",null,null,"D141","1995-01-01","2012-03-31",10,3,null
"D142",null,null,"D142","1995-01-01","2012-03-31",10,3,null
"D143",null,null,"D143","1995-01-01","2012-03-31",10,3,null
"D144",null,null,"D144","1995-01-01","2012-03-31",10,3,null
"D15",null,null,"D15","1995-01-01","1994-12-31",40,3,null
"D150",null,null,"D150","1995-01-01","2012-03-31",10,3,null
"D151",null,null,"D151","1995-01-01","2012-03-31",10,3,null
"D152",null,null,"D152","1995-01-01","2012-03-31",10,3,null
"D157",null,null,"D157","1995-01-01","2012-03-31",10,3,null
"D159",null,null,"D159","1995-01-01","2012-03-31",9,3,null
"D16",null,null,"D16","1995-01-01","1994-12-31",40,3,null
"D160",null,null,"D160","1995-01-01","2012-03-31",10,3,null
"D161",null,null,"D161","1995-01-01","2012-03-31",10,3,null
"D162",null,null,"D162","1995-01-01","2012-03-31",10,3,null
"D163",null,null,"D163","1995-01-01","2012-03-31",10,3,null
"D164",null,null,"D164","1995-01-01","2012-03-31",10,3,null
"D165",null,null,"D165","1995-01-01","2012-03-31",10,3,null
"D166",null,null,"D166","1995-01-01","2012-03-31",10,3,null
"D167",null,null,"D167","1995-01-01","2012-03-31",10,3,null
"D168",null,null,"D168","1995-01-01","2012-03-31",10,3,null
"D169",null,null,"D169","1995-01-01","2012-03-31",9,3,null
"D17",null,null,"D17","1995-01-01","1994-12-31",40,3,null
"D170",null,null,"D170","1995-01-01","2012-03-31",10,3,null
"D171",null,null,"D171","1995-01-01","2012-03-31",10,3,null
"D172",null,null,"D172","1995-01-01","2012-03-31",10,3,null
"D173",null,null,"D173","1995-01-01","2012-03-31",10,3,null
"D174",null,null,"D174","1995-01-01","2012-03-31",10,3,null
"D175",null,null,"D175","1995-01-01","2012-03-31",10,3,null
"D176",null,null,"D176","1995-01-01","2012-03-31",10,3,null
"D177",null,null,"D177","1995-01-01","2012-03-31",10,3,null
"D179",null,null,"D179","1995-01-01","2012-03-31",9,3,null
"D18",null,null,"D18","1995-01-01","1994-12-31",40,3,null
"D180",null,null,"D180","1995-01-01","2012-03-31",10,3,null
"D181",null,null,"D181","1995-01-01","2012-03-31",10,3,null
"D19",null,null,"D19","1995-01-01","1994-12-31",40,3,null
"D190",null,null,"D190","1995-01-01","2012-03-31",10,3,null
"D191",null,null,"D191","1995-01-01","2012-03-31",10,3,null
"D197",null,null,"D197","1995-01-01","2012-03-31",10,3,null
"D199",null,null,"D199","1995-01-01","2012-03-31",9,3,null
"D20",null,null,"D20","1995-01-01","1994-12-31",40,3,null
"D200",null,null,"D200","1995-01-01","2012-03-31",10,3,null
"D201",null,null,"D201","1995-01-01","2012-03-31",10,3,null
"D21",null,null,"D21","1995-01-01","1994-12-31",40,3,null
"D210",null,null,"D210","1995-01-01","2012-03-31",10,3,null
"D211",null,null,"D211","1995-01-01","2012-03-31",10,3,null
"D212",null,null,"D212","1995-01-01","2012-03-31",10,3,null
"D213",null,null,"D213","1995-01-01","2012-03-31",10,3,null
"D214",null,null,"D214","1995-01-01","2012-03-31",10,3,null
"D215",null,null,"D215","1995-01-01","2012-03-31",10,3,null
"D216",null,null,"D216","1995-01-01","2012-03-31",10,3,null
"D219",null,null,"D219","1995-01-01","2012-03-31",9,3,null
"D22",null,null,"D22","1995-01-01","1994-12-31",40,3,null
"D220",null,null,"D220","1995-01-01","2012-03-31",10,3,null
"D221",null,null,"D221","1995-01-01","2012-03-31",10,3,null
"D222",null,null,"D222","1995-01-01","2012-03-31",10,3,null
"D223",null,null,"D223","1995-01-01","2012-03-31",10,3,null
"D224",null,null,"D224","1995-01-01","2012-03-31",10,3,null
"D225",null,null,"D225","1995-01-01","2012-03-31",10,3,null
"D226",null,null,"D226","1995-01-01","2012-03-31",10,3,null
"D227",null,null,"D227","1995-01-01","2012-03-31",10,3,null
"D229",null,null,"D229","1995-01-01","2012-03-31",9,3,null
"D23",null,null,"D23","1995-01-01","1994-12-31",40,3,null
"D230",null,null,"D230","1995-01-01","2012-03-31",10,3,null
"D231",null,null,"D231","1995-01-01","2012-03-31",10,3,null
"D232",null,null,"D232","1995-01-01","2012-03-31",10,3,null
"D233",null,null,"D233","1995-01-01","2012-03-31",10,3,null
"D234",null,null,"D234","1995-01-01","2012-03-31",10,3,null
"D235",null,null,"D235","1995-01-01","2012-03-31",10,3,null
"D236",null,null,"D236","1995-01-01","2012-03-31",10,3,null
"D237",null,null,"D237","1995-01-01","2012-03-31",10,3,null
"D239",null,null,"D239","1995-01-01","2012-03-31",9,3,null
"D24",null,null,"D24","1995-01-01","2012-03-31",10,3,null
"D25",null,null,"D25","1995-01-01","1994-12-31",40,3,null
"D250",null,null,"D250","1995-01-01","2012-03-31",10,3,null
"D251",null,null,"D251","1995-01-01","2012-03-31",10,3,null
"D252",null,null,"D252","1995-01-01","2012-03-31",10,3,null
"D259",null,null,"D259","1995-01-01","2012-03-31",9,3,null
"D26",null,null,"D26","1995-01-01","1994-12-31",40,3,null
"D260",null,null,"D260","1995-01-01","2012-03-31",10,3,null
"D261",null,null,"D261","1995-01-01","2012-03-31",10,3,null
"D267",null,null,"D267","1995-01-01","2012-03-31",10,3,null
"D269",null,null,"D269","1995-01-01","2012-03-31",9,3,null
"D27",null,null,"D27","1995-01-01","2012-03-31",10,3,null
"D28",null,null,"D28","1995-01-01","1994-12-31",40,3,null
"D280",null,null,"D280","1995-01-01","2012-03-31",10,3,null
"D281",null,null,"D281","1995-01-01","2012-03-31",10,3,null
"D282",null,null,"D282","1995-01-01","2012-03-31",10,3,null
"D287",null,null,"D287","1995-01-01","2012-03-31",10,3,null
"D289",null,null,"D289","1995-01-01","2012-03-31",9,3,null
"D29",null,null,"D29","1995-01-01","1994-12-31",40,3,null
"D290",null,null,"D290","1995-01-01","2012-03-31",10,3,null
"D291",null,null,"D291","1995-01-01","2012-03-31",10,3,null
"D292",null,null,"D292","1995-01-01","2012-03-31",10,3,null
"D293",null,null,"D293","1995-01-01","2012-03-31",10,3,null
"D294",null,null,"D294","1995-01-01","2012-03-31",10,3,null
"D297",null,null,"D297","1995-01-01","2012-03-31",10,3,null
"D299",null,null,"D299","1995-01-01","2012-03-31",9,3,null
"D30",null,null,"D30","1995-01-01","1994-12-31",40,3,null
"D300","KIDNEY",null,"D300","1995-01-01","2012-03-31",10,3,null
"D301",null,null,"D301","1995-01-01","2012-03-31",10,3,null
"D302",null,null,"D302","1995-01-01","2012-03-31",10,3,null
"D303","BLADDER",null,"D303","1995-01-01","2012-03-31",10,3,null
"D304",null,null,"D304","1995-01-01","2012-03-31",10,3,null
"D307",null,null,"D307","1995-01-01","2012-03-31",10,3,null
"D309",null,null,"D309","1995-01-01","2012-03-31",9,3,null
"D31",null,null,"D31","1995-01-01","1994-12-31",40,3,null
"D310",null,null,"D310","1995-01-01","2012-03-31",10,3,null
"D311",null,null,"D311","1995-01-01","2012-03-31",10,3,null
"D312",null,null,"D312","1995-01-01","2012-03-31",10,3,null
"D313",null,null,"D313","1995-01-01","2012-03-31",10,3,null
"D314",null,null,"D314","1995-01-01","2012-03-31",10,3,null
"D315",null,null,"D315","1995-01-01","2012-03-31",10,3,null
"D316",null,null,"D316","1995-01-01","2012-03-31",10,3,null
"D319",null,null,"D319","1995-01-01","2012-03-31",9,3,null
"D32","BENIGN NEOPLASM OF MENINGES",null,"D32","1995-01-01","1994-12-31",40,3,null
"D320","CEREBRAL MENINGES",null,"D320","1995-01-01","2012-03-31",10,3,1
"D321","SPINAL MENINGES",null,"D321","1995-01-01","2012-03-31",10,3,1
"D329","MENINGES, UNSPECIFIED",null,"D329","1995-01-01","2012-03-31",9,3,1
"D33","BENIGN NEOPLASM OF BRAIN",null,"D33","1995-01-01","1994-12-31",40,3,1
"D330","BRAIN, SUPRATENTORIAL",null,"D330","1995-01-01","2012-03-31",10,3,1
"D331","BRAIN, INFRATENTORIAL",null,"D331","1995-01-01","2012-03-31",10,3,1
"D332","BRAIN, UNSPECIFIED",null,"D332","1995-01-01","2012-03-31",10,3,1
"D333","CRANIAL NERVES",null,"D333","1995-01-01","2012-03-31",10,3,1
"D334","SPINAL CORD",null,"D334","1995-01-01","2012-03-31",10,3,1
"D337","OTHER SPECIFIED PARTS OF CENTRAL NERVOUS SYSTEM",null,"D337","1995-01-01","2012-03-31",10,3,1
"D339","CENTRAL NERVOUS SYSTEM, UNSPECIFIED",null,"D339","1995-01-01","2012-03-31",9,3,1
"D34",null,null,"D34","1995-01-01","2012-03-31",10,3,null
"D35",null,null,"D35","1995-01-01","1994-12-31",40,3,null
"D350",null,null,"D350","1995-01-01","2012-03-31",10,3,null
"D351",null,null,"D351","1995-01-01","2012-03-31",10,3,null
"D352","PITUITARY GLAND",null,"D352","1995-01-01","2012-03-31",10,3,3
"D353","CRANIOPHARYNGEAL DUCT",null,"D353","1995-01-01","2012-03-31",10,3,3
"D354","PINEAL GLAND",null,"D354","1995-01-01","2012-03-31",10,3,3
"D355",null,null,"D355","1995-01-01","2012-03-31",10,3,null
"D356",null,null,"D356","1995-01-01","2012-03-31",10,3,null
"D357",null,null,"D357","1995-01-01","2012-03-31",10,3,null
"D358",null,null,"D358","1995-01-01","2012-03-31",10,3,null
"D359",null,null,"D359","1995-01-01","2012-03-31",9,3,null
"D36",null,null,"D36","1995-01-01","1994-12-31",40,3,null
"D360",null,null,"D360","1995-01-01","2012-03-31",10,3,null
"D361",null,null,"D361","1995-01-01","2012-03-31",10,3,null
"D367",null,null,"D367","1995-01-01","2012-03-31",10,3,null
"D369",null,null,"D369","1995-01-01","2012-03-31",9,3,null
"D37","NEOPLASM OF UNCERTAIN BEHAVIOUR",null,"D37","1995-01-01","1994-12-31",40,3,null
"D370","LIP, ORAL CAVITY AND PHARYNX",null,"D370","1995-01-01","2012-03-31",10,3,8
"D371","STOMACH",null,"D371","1995-01-01","2012-03-31",10,3,5
"D372","SMALL INTESTINE",null,"D372","1995-01-01","2012-03-31",10,3,5
"D373","APPENDIX",null,"D373","1995-01-01","2012-03-31",10,3,4
"D374","COLON",null,"D374","1995-01-01","2012-03-31",10,3,4
"D375","RECTUM",null,"D375","1995-01-01","2012-03-31",10,3,4
"D376","LIVER, GALLBLADDER AND BILE DUCTS",null,"D376","1995-01-01","2012-03-31",10,3,5
"D377","OTHER DIGESTIVE ORGANS",null,"D377","1995-01-01","2012-03-31",10,3,13
"D379","DIGESTIVE ORGAN, UNSPECIFIED",null,"D379","1995-01-01","2012-03-31",9,3,13
"D38","NEOPLASM OF UNCERTAIN BEHAVIOUR",null,"D38","1995-01-01","1994-12-31",40,3,null
"D380","LARYNX",null,"D380","1995-01-01","2012-03-31",10,3,8
"D381","TRACHEA, BRONCHUS AND LUNG",null,"D381","1995-01-01","2012-03-31",10,3,9
"D382","PLEURA",null,"D382","1995-01-01","2012-03-31",10,3,9
"D383","MEDIASTINUM",null,"D383","1995-01-01","2012-03-31",10,3,9
"D384","THYMUS",null,"D384","1995-01-01","2012-03-31",10,3,9
"D385","OTHER RESPIRATORY ORGANS",null,"D385","1995-01-01","2012-03-31",10,3,9
"D386","RESPIRATORY ORGAN, UNSPECIFIED",null,"D386","1995-01-01","2012-03-31",10,3,9
"D389","D389","Outdated or invalid code D389","D389",null,null,-1,3,null
"D39","NEOPLASM OF UNCERTAIN BEHAVIOUR",null,"D39","1995-01-01","1994-12-31",40,3,6
"D390","UTERUS",null,"D390","1995-01-01","2012-03-31",10,3,6
"D391","OVARY",null,"D391","1995-01-01","2012-03-31",10,3,6
"D392","PLACENTA",null,"D392","1995-01-01","2012-03-31",10,3,6
"D397","OTHER FEMALE GENITAL ORGANS",null,"D397","1995-01-01","2012-03-31",10,3,6
"D399","FEMALE GENITAL ORGAN, UNSPECIFIED",null,"D399","1995-01-01","2012-03-31",9,3,6
"D40","NEOPLASM OF UNCERTAIN BEHAVIOUR",null,"D40","1995-01-01","1994-12-31",40,3,12
"D400","PROSTATE",null,"D400","1995-01-01","2012-03-31",10,3,12
"D401","TESTIS",null,"D401","1995-01-01","2012-03-31",10,3,12
"D407","OTHER MALE GENITAL ORGANS",null,"D407","1995-01-01","2012-03-31",10,3,12
"D409","MALE GENITAL ORGAN, UNSPECIFIED",null,"D409","1995-01-01","2012-03-31",9,3,12
"D41","NEOPLASM OF UNCERTAIN BEHAVIOUR OF URINARY ORGANS",null,"D41","1995-01-01","1994-12-31",40,3,12
"D410","KIDNEY",null,"D410","1995-01-01","2012-03-31",10,3,12
"D411","RENAL PELVIS",null,"D411","1995-01-01","2012-03-31",10,3,12
"D412","URETER",null,"D412","1995-01-01","2012-03-31",10,3,12
"D413","URETHRA",null,"D413","1995-01-01","2012-03-31",10,3,12
"D414","BLADDER",null,"D414","1995-01-01","2012-03-31",10,3,12
"D417","OTHER URINARY ORGANS",null,"D417","1995-01-01","2012-03-31",10,3,12
"D419","URINARY ORGAN, UNSPECIFIED",null,"D419","1995-01-01","2012-03-31",9,3,12
"D42","NEOPLASM OF UNCERTAIN BEHAVIOUR",null,"D42","1995-01-01","1994-12-31",40,3,1
"D420","CEREBRAL MENINGES",null,"D420","1995-01-01","2012-03-31",10,3,1
"D421","SPINAL MENINGES",null,"D421","1995-01-01","2012-03-31",10,3,1
"D429","MENINGES, UNSPECIFIED",null,"D429","1995-01-01","2012-03-31",9,3,1
"D43","NEOPLASM OF UNCERTAIN BEHAVIOUR",null,"D43","1995-01-01","1994-12-31",40,3,1
"D430","BRAIN, SUPRATENTORIAL",null,"D430","1995-01-01","2012-03-31",10,3,1
"D431","BRAIN, INFRATENTORIAL",null,"D431","1995-01-01","2012-03-31",10,3,1
"D432","BRAIN, UNSPECIFIED",null,"D432","1995-01-01","2012-03-31",10,3,1
"D433","CRANIAL NERVES",null,"D433","1995-01-01","2012-03-31",10,3,1
"D434","SPINAL CORD",null,"D434","1995-01-01","2012-03-31",10,3,1
"D436","D436","Fake lookup for D436","D436",null,null,-1,3,null
"D437","OTHER PARTS OF CENTRAL NERVOUS SYSTEM",null,"D437","1995-01-01","2012-03-31",10,3,1
"D439","CENTRAL NERVOUS SYSTEM, UNSPECIFIED",null,"D439","1995-01-01","2012-03-31",9,3,1
"D44","NEOPLASM OF UNCERTAIN BEHAVIOUR",null,"D44","1995-01-01","1994-12-31",40,3,3
"D440","THYROID GLAND",null,"D440","1995-01-01","2012-03-31",10,3,8
"D441","ADRENAL GLAND",null,"D441","1995-01-01","2012-03-31",10,3,3
"D442","PARATHYROID GLAND",null,"D442","1995-01-01","2012-03-31",10,3,3
"D443","PITUITARY GLAND",null,"D443","1995-01-01","2012-03-31",10,3,3
"D444","CRANIOPHARYNGEAL DUCT",null,"D444","1995-01-01","2012-03-31",10,3,3
"D445","PINEAL GLAND",null,"D445","1995-01-01","2012-03-31",10,3,3
"D446","CAROTID BODY",null,"D446","1995-01-01","2012-03-31",10,3,3
"D447","AORTIC BODY OTHER PARAGANGLIA AND GLOMUS TUMOUR",null,"D447","1995-01-01","2012-03-31",10,3,3
"D448","PLURIGLANDULAR INVOLVEMENT",null,"D448","1995-01-01","2012-03-31",10,3,3
"D449","ENDOCRINE GLAND, UNSPECIFIED",null,"D449","1995-01-01","2012-03-31",9,3,3
"D45","POLYCYTHAEMIA VERA",null,"D45","1995-01-01","2012-03-31",10,3,7
"D45 ","D45 ","Outdated or invalid code D45 ","D45 ",null,null,-1,3,null
"D459","D459","Fake lookup for D459","D459",null,null,-1,3,null
"D46","MYELODYSPLASTIC SYNDROME",null,"D46","1995-01-01","1994-12-31",40,3,7
"D460","REFRACTORY ANAEMIA WITHOUT SIDEROBLASTS, SO STATED",null,"D460","1995-01-01","2012-03-31",10,3,7
"D461","REFRACTORY ANAEMIA WITH SIDEROBLASTS",null,"D461","1995-01-01","2012-03-31",10,3,7
"D462","REFRACTORY ANAEMIA WITH EXCESS OF BLASTS",null,"D462","1995-01-01","2012-03-31",10,3,7
"D463","REFRACTORY ANAEMIA WITH EXCESS OF BLASTS WITH TRANSFORMATION",null,"D463","1995-01-01","2012-03-31",10,3,7
"D464","REFRACTORY ANAEMIA, UNSPECIFIED",null,"D464","1995-01-01","2012-03-31",10,3,7
"D467","OTHER MYELODYSPLASTIC SYNDROMES",null,"D467","1995-01-01","2012-03-31",10,3,7
"D469","MYELODYSPLASTIC SYNDROME, UNSPECIFIED",null,"D469","1995-01-01","2012-03-31",9,3,7
"D47","HAEMATOLOGICAL MALIGNANCY OF UNCERTAIN BEHAVIOUR",null,"D47","1995-01-01","1994-12-31",40,3,7
"D470","HISTIOCYTIC AND MAST CELL TUMOURS OF UNCERTAIN AND UNKNOWN BEHAV",null,"D470","1995-01-01","2012-03-31",10,3,7
"D471","CHRONIC MYELOPROLIFERATIVE DISEASE",null,"D471","1995-01-01","2012-03-31",10,3,7
"D472","MONOCLONAL GAMMOPATHY",null,"D472","1995-01-01","2012-03-31",10,3,7
"D473","ESSENTIAL (HAEMORRHAGIC) THROMBOCYTHAEMIA",null,"D473","1995-01-01","2012-03-31",10,3,7
"D477","OTHER SPECIFIED NEOPLASMS OF UNCERTAIN OR UNKNOWN BEHAVIOUR OF L",null,"D477","1995-01-01","2012-03-31",10,3,7
"D479","NEOPLASM OF UNCERTAIN OR UNKNOWN BEHAVIOUR OF LYMPHOID, HAEMATOP",null,"D479","1995-01-01","2012-03-31",9,3,7
"D48","NEOPLASM IF UNCERTAIN BEHAVIOUR",null,"D48","1995-01-01","1994-12-31",40,3,null
"D480","BONE AND ARTICULAR CARTILAGE",null,"D480","1995-01-01","2012-03-31",10,3,10
"D481","CONNECTIVE AND OTHER SOFT TISSUE",null,"D481","1995-01-01","2012-03-31",10,3,10
"D482","PERIPHERAL NERVES AND AUTONOMIC NERVOUS SYSTEM",null,"D482","1995-01-01","2012-03-31",10,3,10
"D483","RETROPERITONEUM",null,"D483","1995-01-01","2012-03-31",10,3,10
"D484","PERITONEUM",null,"D484","1995-01-01","2012-03-31",10,3,10
"D485","SKIN",null,"D485","1995-01-01","2012-03-31",10,3,13
"D486","BREAST",null,"D486","1995-01-01","2012-03-31",10,3,2
"D487","OTHER SPECIFIED SITES",null,"D487","1995-01-01","2012-03-31",10,3,13
"D489","NEOPLASM OF UNCERTAIN OR UNKNOWN BEHAVIOUR, UNSPECIFIED",null,"D489","1995-01-01","2012-03-31",9,3,13
"D49","D49","Fake lookup for D49","D49",null,null,-1,3,null
"D499","D499","Fake lookup for D499","D499",null,null,-1,3,null
"D50","IRON DEFICIENCY ANAEMIA",null,"D50","1995-01-01","1994-12-31",40,3,null
"D51","D51","Fake lookup for D51","D51",null,null,-1,3,null
"D52","D52","Outdated or invalid code D52","D52",null,null,-1,3,null
"D53","D53","Fake lookup for D53","D53",null,null,-1,3,null
"D56","D56","Outdated or invalid code D56","D56",null,null,-1,3,null
"D57","SICKLE CELL ANAEMIA",null,"D57","1995-01-01","1994-12-31",40,3,null
"D58","D58","Fake lookup for D58","D58",null,null,-1,3,null
"D59","D59","Fake lookup for D59","D59",null,null,-1,3,null
"D60","D60","Outdated or invalid code D60","D60",null,null,-1,3,null
"D61","D61","Fake lookup for D61","D61",null,null,-1,3,null
"D64","ANAEMIA",null,"D64","1995-01-01","1994-12-31",40,3,null
"D65","D65","Fake lookup for D65","D65",null,null,-1,3,null
"D66","D66","Fake lookup for D66","D66",null,null,-1,3,null
"D67","D67","Fake lookup for D67","D67",null,null,-1,3,null
"D68","D68","Fake lookup for D68","D68",null,null,-1,3,null
"D69","THROMBOCYTOPENIA",null,"D69","1995-01-01","1994-12-31",40,3,null
"D70","D70","Fake lookup for D70","D70",null,null,-1,3,null
"D72","D72","Outdated or invalid code D72","D72",null,null,-1,3,null
"D73","D73","Fake lookup for D73","D73",null,null,-1,3,null
"D75","D75","Fake lookup for D75","D75",null,null,-1,3,null
"D76","D76","Fake lookup for D76","D76",null,null,-1,3,null
"D760","LANGERHANS"" CELL HISTIOCYTOSIS, NOT ELSEWHERE CLASSIFIED","Thames outdated or invalid code D760","D760",null,null,-1,3,null
"D80","D80","Outdated or invalid code D80","D80",null,null,-1,3,null
"D81","D81","Outdated or invalid code D81","D81",null,null,-1,3,null
"D82","D82","Outdated or invalid code D82","D82",null,null,-1,3,null
"D83","D83","Outdated or invalid code D83","D83",null,null,-1,3,null
"D84","D84","Fake lookup for D84","D84",null,null,-1,3,null
"D86","SARCOIDOSIS",null,"D86","1995-01-01","1994-12-31",40,3,null
"D89","D89","Fake lookup for D89","D89",null,null,-1,3,null
"DO47","DO47","Outdated or invalid code DO47","DO47",null,null,-1,3,null
"E859","AMYLOIDOSIS, UNSPECIFIED","Thames outdated or invalid code E859","E859",null,null,-1,3,null
"I50","HEART FAILURE",null,"I50","1995-01-01","2012-03-31",20,3,null
"O01","HYDATIDIFORM MOLE",null,"O01","1995-01-01","2012-03-31",20,3,null
"O01 ","O01 ","Outdated or invalid code O01 ","O01 ",null,null,-1,3,null
"O010","CLASSICAL HYDATIDIFORM MOLE",null,"O010","1995-01-01","2012-03-31",30,3,null
"O011","INCOMPLETE AND PARTIAL HYDATIDIFORM MOLE",null,"O011","1995-01-01","2012-03-31",20,3,null
"O019","HYDATIDIFORM MOLE, UNSPECIFIED",null,"O019","1995-01-01","2012-03-31",20,3,null
"O10","O10","Outdated or invalid code O10","O10",null,null,-1,3,null
"O14","O14","Fake lookup for O14","O14",null,null,-1,3,null
"O24","O24","Outdated or invalid code O24","O24",null,null,-1,3,null
"O38","O38","Fake lookup for O38","O38",null,null,-1,3,null
"O67","O67","Outdated or invalid code O67","O67",null,null,-1,3,null
"O71","O71","Outdated or invalid code O71","O71",null,null,-1,3,null
"O90","O90","Outdated or invalid code O90","O90",null,null,-1,3,null
"O91","O91","Outdated or invalid code O91","O91",null,null,-1,3,null
"O94","O94","Outdated or invalid code O94","O94",null,null,-1,3,null
"Q850","NEUROFIBROMATOSIS (NONMALIGNANT)","Outdated or invalid code Q850","Q850",null,null,-1,3,null
